Date,Volunteer name
2020-07-09,john_thompson56
2020-07-09,Patrycja
2020-07-09,ChubbyhappyBuddha
2020-07-09,ChubbyhappyBuddha
2020-07-09,john_thompson56
2020-07-09,john_thompson56
2020-07-09,john_thompson56
,
2020-07-10,karmachameleon733
2020-07-10,karmachameleon733
2020-07-10,karmachameleon733
2020-07-10,karmachameleon733
2020-07-10,karmachameleon733
2020-07-10,karmachameleon733
2020-07-10,john_thompson56
2020-07-10,karmachameleon733
2020-07-10,karmachameleon733
2020-07-10,karmachameleon733
2020-07-10,karmachameleon733
2020-07-10,karmachameleon733
2020-07-10,karmachameleon733
2020-07-10,john_thompson56
2020-07-10,karmachameleon733
2020-07-10,shakadee
2020-07-10,karmachameleon733
2020-07-10,karmachameleon733
2020-07-10,karmachameleon733
2020-07-10,karmachameleon733
2020-07-10,karmachameleon733
2020-07-10,karmachameleon733
2020-07-10,Nocerefacileest
2020-07-10,karmachameleon733
2020-07-10,karmachameleon733
2020-07-10,karmachameleon733
2020-07-10,karmachameleon733
2020-07-10,karmachameleon733
2020-07-10,karmachameleon733
2020-07-10,karmachameleon733
2020-07-10,karmachameleon733
2020-07-10,karmachameleon733
2020-07-10,karmachameleon733
2020-07-10,Nocerefacileest
2020-07-10,Nocerefacileest
2020-07-10,Nocerefacileest
2020-07-10,Nocerefacileest
2020-07-10,karmachameleon733
2020-07-10,Nocerefacileest
2020-07-10,Nocerefacileest
2020-07-10,Nocerefacileest
2020-07-10,Nocerefacileest
2020-07-10,Nocerefacileest
,
2020-07-12,Nokuto
,
2020-07-11,john_thompson56
2020-07-11,shakadee
2020-07-11,john_thompson56
2020-07-11,Nokuto
,
2020-07-11,Nocerefacileest
,
2020-07-13,Nokuto
2020-07-12,Nokuto
2020-07-12,Nokuto
2020-07-12,Nokuto
2020-07-12,Nokuto
2020-07-12,karmachameleon733
2020-07-12,Nokuto
2020-07-12,karmachameleon733
2020-07-12,Nokuto
2020-07-12,Nokuto
2020-07-12,Nokuto
2020-07-12,Nokuto
2020-07-12,Nokuto
2020-07-12,Nokuto
2020-07-12,karmachameleon733
2020-07-12,Nokuto
2020-07-12,Nokuto
2020-07-12,Nokuto
2020-07-12,Nokuto
2020-07-12,Nokuto
2020-07-12,karmachameleon733
2020-07-13,Nokuto
2020-07-13,ChubbyhappyBuddha
2020-07-13,thomas_johnson19
2020-07-13,thomas_johnson19
2020-07-13,Nokuto
2020-07-13,ChubbyhappyBuddha
2020-07-13,thomas_johnson19
2020-07-13,karmachameleon733
2020-07-14,ChubbyhappyBuddha
2020-07-13,Nokuto
2020-07-13,Nokuto
2020-07-13,Nokuto
2020-07-13,Nokuto
2020-07-13,Nokuto
2020-07-13,Nokuto
2020-07-13,karmachameleon733
2020-07-13,Nokuto
2020-07-13,Nokuto
2020-07-13,Nokuto
2020-07-13,karmachameleon733
2020-07-13,Nokuto
2020-07-13,Nokuto
2020-07-13,Nokuto
2020-07-13,Nokuto
2020-07-13,Nokuto
2020-07-13,Nokuto
2020-07-13,Nokuto
2020-07-13,Nokuto
2020-07-13,Nokuto
2020-07-13,Nokuto
2020-07-13,Nokuto
2020-07-13,Nokuto
2020-07-13,Nokuto
2020-07-13,Nokuto
2020-07-13,Nokuto
2020-07-13,Nokuto
2020-07-13,karmachameleon733
2020-07-13,Nokuto
2020-07-13,Nokuto
2020-07-13,ChubbyhappyBuddha
2020-07-14,malutka79
2020-07-14,malutka79
2020-07-14,ChubbyhappyBuddha
2020-07-14,ChubbyhappyBuddha
2020-07-14,ChubbyhappyBuddha
2020-07-14,ChubbyhappyBuddha
2020-07-14,Nokuto
2020-07-14,malutka79
2020-07-14,malutka79
2020-07-14,thomas_johnson19
2020-07-14,thomas_johnson19
2020-07-14,thomas_johnson19
2020-07-14,thomas_johnson19
2020-07-14,ChubbyhappyBuddha
2020-07-14,ChubbyhappyBuddha
2020-07-14,ChubbyhappyBuddha
2020-07-14,ChubbyhappyBuddha
2020-07-14,Nokuto
2020-07-14,Nokuto
2020-07-14,ChubbyhappyBuddha
2020-07-14,ChubbyhappyBuddha
2020-07-14,ChubbyhappyBuddha
2020-07-14,ChubbyhappyBuddha
2020-07-14,ChubbyhappyBuddha
2020-07-14,Nokuto
2020-07-14,Nokuto
2020-07-14,Nokuto
2020-07-14,Nokuto
2020-07-14,Nokuto
2020-07-14,malutka79
2020-07-14,thomas_johnson19
,
2020-07-14,ChubbyhappyBuddha
2020-07-15,ChubbyhappyBuddha
2020-07-14,ChubbyhappyBuddha
2020-07-14,karmachameleon733
2020-07-14,Nokuto
2020-07-14,ChubbyhappyBuddha
2020-07-14,ChubbyhappyBuddha
2020-07-14,shakadee
2020-07-14,ChubbyhappyBuddha
2020-07-14,ChubbyhappyBuddha
2020-07-14,ChubbyhappyBuddha
2020-07-15,thomas_johnson19
2020-07-15,ChubbyhappyBuddha
2020-07-15,double intervention
2020-07-15,ChubbyhappyBuddha
2020-07-15,ChubbyhappyBuddha
2020-07-15,ChubbyhappyBuddha
2020-07-15,ChubbyhappyBuddha
2020-07-15,john_thompson56
2020-07-15,john_thompson56
2020-07-15,ChubbyhappyBuddha
2020-07-15,Nokuto
2020-07-15,thomas_johnson19
2020-07-15,thomas_johnson19
2020-07-15,thomas_johnson19
2020-07-15,thomas_johnson19
2020-07-15,Nokuto
2020-07-15,Nokuto
2020-07-15,thomas_johnson19
2020-07-15,john_thompson56
2020-07-15,john_thompson56
2020-07-15,Nokuto
,
2020-07-15,ChubbyhappyBuddha
2020-07-15,john_thompson56
2020-07-15,john_thompson56
2020-07-15,john_thompson56
2020-07-15,thomas_johnson19
2020-07-15,thomas_johnson19
2020-07-15,thomas_johnson19
2020-07-15,ChubbyhappyBuddha
2020-07-15,ChubbyhappyBuddha
2020-07-15,ChubbyhappyBuddha
2020-07-15,thomas_johnson19
2020-07-15,thomas_johnson19
2020-07-15,thomas_johnson19
2020-07-15,thomas_johnson19
2020-07-15,Nokuto
,
2020-07-14,ChubbyhappyBuddha
2020-07-16,john_thompson56
2020-07-16,thomas_johnson19
2020-07-16,ChubbyhappyBuddha
2020-07-16,ChubbyhappyBuddha
2020-07-16,ChubbyhappyBuddha
2020-07-16,shakadee
2020-07-16,thomas_johnson19
,
2020-07-16,thomas_johnson19
2020-07-16,john_thompson56
,
2020-07-16,thomas_johnson19
2020-07-16,thomas_johnson19
,
2020-07-17,john_thompson56
2020-07-17,john_thompson56
2020-07-17,john_thompson56
,
2020-07-17,john_thompson56
2020-07-17,john_thompson56
2020-07-17,john_thompson56
2020-07-17,MillieJacob
2020-07-17,MillieJacob
2020-07-17,MillieJacob
2020-07-17,MillieJacob
2020-07-17,MillieJacob
2020-07-17,MillieJacob
2020-07-17,MillieJacob
2020-07-17,ChubbyhappyBuddha
2020-07-17,MillieJacob
2020-07-17,MillieJacob
2020-07-17,MillieJacob
2020-07-17,MillieJacob
2020-07-17,MillieJacob
2020-07-17,MillieJacob
2020-07-17,ChubbyhappyBuddha
,
2020-07-17,MillieJacob
2020-07-17,MillieJacob
2020-07-17,MillieJacob
2020-07-17,MillieJacob
2020-07-17,MillieJacob
2020-07-17,MillieJacob
2020-07-17,MillieJacob
2020-07-17,MillieJacob
2020-07-17,MillieJacob
2020-07-17,MillieJacob
2020-07-17,ChubbyhappyBuddha
2020-07-17,ChubbyhappyBuddha
2020-07-17,MillieJacob
2020-07-17,ChubbyhappyBuddha
2020-07-17,MillieJacob
2020-07-17,MillieJacob
2020-07-17,MillieJacob
2020-07-17,MillieJacob
2020-07-17,MillieJacob
2020-07-17,DeciduousTreant
2020-07-17,DeciduousTreant
2020-07-17,OneCat0
,
2020-07-17,OneCat0
2020-07-17,OneCat0
2020-07-17,MillieJacob
2020-07-17,MillieJacob
2020-07-17,MillieJacob
2020-07-17,MillieJacob
2020-07-17,MillieJacob
2020-07-17,MillieJacob
2020-07-17,MillieJacob
2020-07-17,OneCat0
2020-07-17,john_thompson56
2020-07-17,john_thompson56
2020-07-17,john_thompson56
2020-07-17,OneCat0
2020-07-17,john_thompson56
,
2020-07-18,john_thompson56
2020-07-18,john_thompson56
2020-07-18,john_thompson56
2020-07-18,john_thompson56
2020-07-18,john_thompson56
2020-07-18,john_thompson56
2020-07-18,john_thompson56
2020-07-18,john_thompson56
2020-07-18,john_thompson56
2020-07-18,john_thompson56
,
2020-07-19,shakadee
,
2020-07-20,MillieJacob
2020-07-20,MillieJacob
2020-07-20,MillieJacob
2020-07-20,MillieJacob
2020-07-20,MillieJacob
2020-07-20,MillieJacob
2020-07-20,MillieJacob
2020-07-20,MillieJacob
2020-07-20,MillieJacob
2020-07-20,MillieJacob
2020-07-20,MillieJacob
2020-07-20,john_thompson56
2020-07-20,john_thompson56
2020-07-20,john_thompson56
2020-07-20,john_thompson56
2020-07-20,john_thompson56
2020-07-20,MillieJacob
,
2020-07-21,shakadee
2020-07-21,shakadee
2020-07-21,john_thompson56
2020-07-21,john_thompson56
2020-07-21,john_thompson56
2020-07-21,john_thompson56
2020-07-21,shakadee
2020-07-21,john_thompson56
2020-07-14,Nokuto
2020-07-22,john_thompson56
2020-07-22,john_thompson56
2020-07-22,john_thompson56
2020-07-22,john_thompson56
2020-07-22,john_thompson56
2020-07-22,john_thompson56
2020-07-22,john_thompson56
2020-07-23,Amy_is_in_Vegas
,
2020-07-23,DeciduousTreant
2020-07-23,DeciduousTreant
2020-07-23,john_thompson56
2020-07-23,shakadee
2020-07-23,shakadee
2020-07-23,shakadee
2020-07-23,shakadee
2020-07-22,john_thompson56
2020-07-23,john_thompson56
,
2020-07-24,john_thompson56
2020-07-24,john_thompson56
2020-07-24,john_thompson56
2020-07-24,DeciduousTreant
2020-07-24,DeciduousTreant
2020-07-24,DeciduousTreant
2020-07-24,john_thompson56
2020-07-24,john_thompson56
2020-07-24,john_thompson56
2020-07-24,john_thompson56
2020-07-24,john_thompson56
2020-07-24,john_thompson56
2020-07-24,shakadee
2020-07-24,shakadee
2020-07-24,shakadee
2020-07-24,john_thompson56
2020-07-24,john_thompson56
2020-07-24,shakadee
2020-07-24,john_thompson56
,
2020-07-25,shakadee
2020-07-25,john_thompson56
2020-07-25,john_thompson56
2020-07-25,shakadee
2020-07-25,john_thompson56
2020-07-25,john_thompson56
2020-07-25,john_thompson56
2020-07-25,john_thompson56
2020-07-25,shakadee
2020-07-25,shakadee
2020-07-25,shakadee
2020-07-25,john_thompson56
2020-07-25,shakadee
2020-07-25,shakadee
2020-07-25,bonusbgc
2020-07-25,john_thompson56
,
2020-07-26,Nokuto
2020-07-26,Nokuto
2020-07-26,Nokuto
2020-07-26,Nokuto
2020-07-26,ChubbyhappyBuddha
2020-07-26,john_thompson56
2020-07-26,Nokuto
2020-07-26,ChubbyhappyBuddha
2020-07-26,Nokuto
2020-07-26,Nokuto
2020-07-26,solaphir
2020-07-26,Nokuto
2020-07-26,Nokuto
2020-07-26,john_thompson56
2020-07-26,solaphir
2020-07-26,Nokuto
2020-07-26,Nokuto
2020-07-26,Nokuto
,
2020-07-26,john_thompson56
2020-07-26,john_thompson56
2020-07-26,john_thompson56
2020-07-26,john_thompson56
2020-07-26,john_thompson56
2020-07-26,Nokuto
2020-07-26,Nokuto
,
2020-07-27,Nokuto
2020-07-27,Nokuto
2020-07-27,Nokuto
2020-07-27,Nokuto
2020-07-27,Nokuto
2020-07-27,Nokuto
2020-07-27,john_thompson56
2020-07-27,Nokuto
2020-07-27,john_thompson56
2020-07-27,Nokuto
2020-07-27,Nokuto
2020-07-27,Nokuto
2020-07-27,Nokuto
2020-07-27,Nokuto
2020-07-27,Nokuto
2020-07-27,Nokuto
2020-07-27,Nokuto
2020-07-27,Nokuto
2020-07-27,Nokuto
2020-07-27,Nokuto
2020-07-27,Nokuto
2020-07-27,Nokuto
,
2020-07-28,rytovkyll
2020-07-28,Nokuto
2020-07-28,Nokuto
2020-07-28,Nokuto
2020-07-28,Nokuto
2020-07-28,Nokuto
2020-07-28,rytovkyll
2020-07-28,rytovkyll
2020-07-28,rytovkyll
2020-07-28,rytovkyll
2020-07-28,solaphir
2020-07-28,rytovkyll
2020-07-28,Nokuto
2020-07-28,rytovkyll
2020-07-28,rytovkyll
2020-07-28,solaphir
2020-07-28,john_thompson56
2020-07-28,john_thompson56
2020-07-28,john_thompson56
2020-07-28,rytovkyll
2020-07-28,rytovkyll
2020-07-28,rytovkyll
2020-07-28,rytovkyll
2020-07-28,rytovkyll
2020-07-28,rytovkyll
2020-07-28,Nokuto
2020-07-28,Nokuto
2020-07-28,john_thompson56
2020-07-28,john_thompson56
2020-07-28,john_thompson56
2020-07-28,Nokuto
2020-07-29,rytovkyll
,
2020-07-29,rytovkyll
2020-07-29,rytovkyll
2020-07-29,rytovkyll
2020-07-29,rytovkyll
2020-07-29,john_thompson56
2020-07-29,john_thompson56
2020-07-29,john_thompson56
2020-07-29,Nokuto
2020-07-29,Nokuto
2020-07-29,Nokuto
2020-07-29,Nokuto
2020-07-29,Nokuto
2020-07-29,Nokuto
2020-07-29,Nokuto
2020-07-29,Nokuto
2020-07-29,Nokuto
2020-07-29,rytovkyll
2020-07-29,rytovkyll
2020-07-29,rytovkyll
2020-07-29,rytovkyll
2020-07-29,rytovkyll
2020-07-29,rytovkyll
2020-07-29,Nokuto
2020-07-29,Nokuto
2020-07-29,Nokuto
2020-07-29,rytovkyll
2020-07-29,rytovkyll
2020-07-29,rytovkyll
2020-07-29,rytovkyll
2020-07-29,rytovkyll
2020-07-29,rytovkyll
2020-07-29,rytovkyll
2020-07-29,rytovkyll
2020-07-29,rytovkyll
2020-07-29,rytovkyll
2020-07-29,rytovkyll
2020-07-29,rytovkyll
2020-07-29,rytovkyll
2020-07-29,Nokuto
2020-07-23,Amy_is_in_Vegas
2020-07-28,Nokuto
2020-07-30,Nokuto
2020-07-30,Nokuto
2020-07-30,Nokuto
2020-07-30,Nokuto
2020-07-30,Nokuto
2020-07-30,Nokuto
2020-07-30,Nokuto
2020-07-30,Nokuto
2020-07-30,Nokuto
2020-07-30,rytovkyll
2020-07-30,rytovkyll
2020-07-30,rytovkyll
2020-07-30,rytovkyll
2020-07-30,rytovkyll
2020-07-30,rytovkyll
2020-07-30,rytovkyll
2020-07-30,john_thompson56
2020-07-30,rytovkyll
2020-07-30,rytovkyll
2020-07-30,OatsFanatic
2020-07-30,OatsFanatic
2020-07-30,OatsFanatic
2020-07-30,rytovkyll
2020-07-30,rytovkyll
2020-07-30,OatsFanatic
2020-07-30,rytovkyll
,
2020-07-31,rytovkyll
2020-07-31,Nokuto
2020-07-31,OatsFanatic
2020-07-31,OatsFanatic
2020-07-31,rytovkyll
2020-07-31,rytovkyll
2020-07-31,OatsFanatic
2020-07-31,rytovkyll
2020-07-31,Nokuto
2020-07-31,rytovkyll
2020-07-31,rytovkyll
2020-07-31,rytovkyll
2020-07-31,rytovkyll
2020-07-31,rytovkyll
2020-07-31,rytovkyll
2020-07-31,rytovkyll
2020-07-31,rytovkyll
2020-07-31,Nokuto
2020-07-31,Nokuto
2020-07-31,rytovkyll
2020-07-31,rytovkyll
2020-07-31,OatsFanatic
2020-07-31,rytovkyll
2020-07-31,john_thompson56
2020-07-31,rytovkyll
2020-07-31,rytovkyll
2020-07-31,Nokuto
2020-07-31,Nokuto
2020-07-31,Nokuto
2020-07-31,rytovkyll
2020-07-31,Nokuto
2020-07-31,rytovkyll
2020-07-31,rytovkyll
2020-07-31,Nokuto
2020-07-31,Nokuto
2020-07-31,Nokuto
2020-07-31,OatsFanatic
2020-07-31,OatsFanatic
2020-07-31,rytovkyll
2020-07-31,Nokuto
2020-07-31,rytovkyll
2020-07-31,Nokuto
2020-07-31,rytovkyll
2020-07-31,rytovkyll
2020-07-31,rytovkyll
2020-07-31,rytovkyll
2020-07-31,Nokuto
2020-07-31,ChubbyhappyBuddha
2020-07-31,ChubbyhappyBuddha
2020-07-31,OatsFanatic
2020-07-31,Nokuto
2020-07-31,rytovkyll
2020-07-31,Nokuto
2020-07-31,Nokuto
2020-07-31,Nokuto
2020-07-31,Nokuto
2020-07-31,Nokuto
2020-07-31,Nokuto
2020-07-31,Nokuto
2020-07-31,Nokuto
2020-07-31,Nokuto
2020-07-31,karmachameleon733
2020-07-31,karmachameleon733
2020-07-31,Nokuto
2020-07-31,Nokuto
2020-07-31,karmachameleon733
2020-07-31,Nokuto
2020-07-31,Nokuto
2020-07-31,Nokuto
2020-07-31,Nokuto
2020-07-31,Nokuto
2020-07-31,Nokuto
2020-07-31,Nokuto
2020-07-31,Nokuto
2020-07-31,Nokuto
2020-08-01,OatsFanatic(thomas_johnson19)
2020-08-01,john_thompson56
2020-08-01,OatsFanatic(thomas_johnson19)
2020-08-01,john_thompson56
2020-08-01,john_thompson56
2020-08-01,Nokuto
2020-08-03,Nokuto
2020-07-31,Nokuto
2020-08-02,john_thompson56
2020-08-02,john_thompson56
2020-07-31,Nokuto
2020-08-03,rytovkyll
,
2020-08-03,rytovkyll
2020-08-03,Nokuto
2020-08-03,Nokuto
2020-08-03,rytovkyll
2020-08-03,john_thompson56
2020-08-03,Nokuto
2020-08-03,Nokuto
,
2020-08-04,Nokuto
2020-08-04,Nokuto
2020-08-04,Nokuto
2020-08-04,Nokuto
2020-08-04,Nokuto
2020-08-04,Nokuto
2020-08-04,Nokuto
2020-08-04,Nokuto
2020-08-04,Nokuto
2020-08-04,Nokuto
2020-08-05,Nokuto
2020-08-04,Nokuto
2020-08-04,Nokuto
2020-08-05,Nokuto
2020-08-05,Nokuto
2020-08-05,Nokuto
2020-08-05,Kawaii_Potato11
2020-08-05,flower_seven
2020-08-05,john_thompson56
2020-08-05,Kawaii_Potato11
2020-08-05,Kawaii_Potato11
2020-08-05,Kawaii_Potato11
2020-08-05,flower_seven
2020-08-05,flower_seven
2020-08-05,flower_seven
2020-08-05,flower_seven
2020-08-05,Nokuto
2020-08-08,Kawaii_Potato11
2020-08-08,Kawaii_Potato11
2020-08-08,OatsFanatic(thomas_johnson19)
2020-08-08,OatsFanatic(thomas_johnson19)
2020-08-08,OatsFanatic(thomas_johnson19)
2020-08-08,OatsFanatic(thomas_johnson19)
2020-08-08,OatsFanatic(thomas_johnson19)
2020-08-15,Nokuto
2020-08-10,shakadee
2020-08-10,shakadee
2020-08-10,shakadee
2020-08-10,shakadee
2020-08-10,OatsFanatic(thomas_johnson19)
2020-08-10,OatsFanatic(thomas_johnson19)
2020-08-10,OatsFanatic(thomas_johnson19)
2020-08-05,Nokuto
2020-08-11,OatsFanatic(thomas_johnson19)
2020-08-11,OatsFanatic(thomas_johnson19)
2020-08-11,OatsFanatic(thomas_johnson19)
2020-08-11,Nokuto
2020-08-11,Nokuto
2020-08-11,OatsFanatic(thomas_johnson19)
2020-08-11,Nokuto
2020-08-11,Nokuto
2020-08-11,shakadee
2020-08-11,OatsFanatic(thomas_johnson19)
2020-08-14,Tylerdrew19
2020-08-13,Tylerdrew19
2020-08-12,shakadee
2020-08-12,shakadee
2020-08-12,shakadee
2020-08-12,shakadee
2020-08-12,shakadee
2020-08-12,OatsFanatic(thomas_johnson19)
2020-08-12,OatsFanatic(thomas_johnson19)
2020-08-12,shakadee
2020-08-12,OatsFanatic(thomas_johnson19)
2020-08-13,Tylerdrew19
2020-08-13,Tylerdrew19
2020-08-13,Tylerdrew19
2020-08-13,Tylerdrew19
2020-08-13,Tylerdrew19
2020-08-13,Tylerdrew19
2020-08-13,Tylerdrew19
2020-08-13,Tylerdrew19
2020-08-13,Tylerdrew19
2020-08-13,Tylerdrew19
2020-08-13,OatsFanatic(thomas_johnson19)
2020-08-13,Tylerdrew19
2020-08-13,shakadee
2020-08-13,OatsFanatic(thomas_johnson19)
2020-08-13,Tylerdrew19
2020-08-13,Tylerdrew19
2020-08-13,Tylerdrew19
2020-08-13,Tylerdrew19
2020-08-13,Tylerdrew19
2020-08-13,Tylerdrew19
2020-08-13,Tylerdrew19
2020-08-13,Tylerdrew19
2020-08-13,Tylerdrew19
2020-08-13,Tylerdrew19
2020-08-13,Tylerdrew19
,
2020-08-13,bicycleflossing
2020-08-14,shakadee
2020-08-14,Tylerdrew19
2020-08-14,Tylerdrew19
2020-08-14,Tylerdrew19
2020-08-14,Tylerdrew19
2020-08-14,Tylerdrew19
2020-08-14,Tylerdrew19
2020-08-14,Tylerdrew19
2020-08-14,Tylerdrew19
2020-08-14,Tylerdrew19
2020-08-14,Nokuto
2020-08-14,Nokuto
2020-08-14,Tylerdrew19
2020-08-14,Nokuto
2020-08-14,Nokuto
2020-08-14,Nokuto
2020-08-14,Nokuto
2020-08-14,Nokuto
2020-08-14,Tylerdrew19
2020-08-14,Nokuto
2020-08-14,shakadee
2020-08-14,Tylerdrew19
2020-08-14,OatsFanatic(thomas_johnson19)
2020-08-14,Nokuto
2020-08-14,Nokuto
2020-08-14,Nokuto
2020-08-14,Tylerdrew19
2020-08-15,Tylerdrew19
2020-08-15,Nokuto
2020-08-15,Nokuto
2020-08-15,Nokuto
2020-08-15,Nokuto
2020-08-15,Nokuto
2020-08-15,Nokuto
2020-08-15,Nokuto
2020-08-15,Nokuto
2020-08-15,Nokuto
2020-08-15,Nokuto
2020-08-15,Nokuto
2020-08-15,Nokuto
2020-08-15,Nokuto
2020-08-15,Nokuto
2020-08-15,Nokuto
2020-08-15,Nokuto
2020-08-15,Tylerdrew19
2020-08-16,Nokuto
2020-08-16,john_thompson56
2020-08-16,Nokuto
2020-08-16,Nokuto
2020-08-16,Nokuto
2020-08-16,Nokuto
2020-08-16,john_thompson56
2020-08-16,Nokuto
2020-08-16,Nokuto
2020-08-16,Nokuto
2020-08-16,Nokuto
2020-08-16,Nokuto
2020-08-16,Nokuto
2020-08-16,Nokuto
,
2020-08-16,john_thompson56
,
2020-08-16,john_thompson56
2020-08-16,Nokuto
2020-08-16,john_thompson56
2020-08-16,john_thompson56
2020-08-16,Nokuto
2020-08-16,john_thompson56
2020-08-16,john_thompson56
2020-08-16,john_thompson56
2020-08-16,Nokuto
2020-08-16,Nokuto
2020-08-16,john_thompson56
2020-08-16,Nokuto
2020-08-16,Nokuto
2020-08-16,john_thompson56
2020-08-16,john_thompson56
2020-08-16,Nokuto
2020-08-16,john_thompson56
2020-08-16,john_thompson56
2020-08-16,john_thompson56
2020-08-16,john_thompson56
2020-08-16,john_thompson56
2020-08-16,john_thompson56
2020-08-16,john_thompson56
2020-08-16,john_thompson56
2020-08-16,john_thompson56
2020-08-16,Nokuto
2020-08-16,john_thompson56
2020-08-16,Hmkyna
2020-08-16,Hmkyna
2020-08-16,Hmkyna
2020-08-16,Hmkyna
2020-08-16,Hmkyna
,
2020-08-17,john_thompson56
2020-08-17,Nokuto
2020-08-17,john_thompson56
2020-08-17,Nokuto
2020-08-17,Nokuto
2020-08-17,Nokuto
2020-08-17,john_thompson56
2020-08-17,john_thompson56
2020-08-17,Nokuto
2020-08-17,Nokuto
2020-08-17,Nokuto
2020-08-17,Nokuto
2020-08-17,Nokuto
2020-08-17,john_thompson56
2020-08-14,Nokuto
2020-08-17,john_thompson56
2020-08-17,Nokuto
2020-08-17,john_thompson56
2020-08-17,Nokuto
2020-08-17,john_thompson56
2020-08-17,john_thompson56
2020-08-17,Nokuto
2020-08-17,Nokuto
2020-07-14,Nokuto
2020-08-18,Nokuto
2020-08-18,Nokuto
2020-08-18,Nokuto
2020-08-18,OatsFanatic(thomas_johnson19)
2020-08-18,Nokuto
2020-08-18,Nokuto
2020-08-18,OatsFanatic(thomas_johnson19)
2020-08-18,Nokuto
2020-08-18,Nokuto
2020-08-18,Nokuto
2020-08-18,Nokuto
2020-08-18,john_thompson56
2020-08-18,john_thompson56
2020-08-18,john_thompson56
2020-08-18,john_thompson56
2020-08-18,john_thompson56
2020-08-18,Nokuto
2020-08-18,john_thompson56
2020-08-18,Nokuto
2020-08-18,Nokuto
2020-08-18,john_thompson56
2020-08-18,john_thompson56
2020-08-18,john_thompson56
2020-08-18,Nokuto
2020-08-18,Nokuto
2020-08-18,john_thompson56
2020-08-18,Nokuto
2020-08-18,Nokuto
2020-08-18,Nokuto
2020-08-18,john_thompson56
2020-08-18,john_thompson56
2020-08-18,Nokuto
2020-08-18,Nokuto
2020-08-18,Nokuto
2020-08-18,john_thompson56
2020-08-18,Nokuto
2020-08-18,Nokuto
2020-08-18,Nokuto
2020-08-18,john_thompson56
2020-08-18,Nokuto
2020-08-18,john_thompson56
2020-08-18,Nokuto
2020-08-18,OatsFanatic(thomas_johnson19)
2020-08-18,OatsFanatic(thomas_johnson19)
2020-08-18,john_thompson56
2020-08-18,john_thompson56
2020-08-18,john_thompson56
2020-08-18,john_thompson56
2020-08-18,john_thompson56
2020-08-18,john_thompson56
2020-08-18,john_thompson56
2020-08-18,Nokuto
2020-08-18,john_thompson56
2020-08-18,john_thompson56
2020-08-18,john_thompson56
2020-08-19,Nokuto
2020-08-19,john_thompson56
2020-08-19,john_thompson56
2020-08-19,john_thompson56
2020-08-19,Nokuto
2020-08-19,Nokuto
2020-08-19,Nokuto
2020-08-19,Nokuto
2020-08-19,Nokuto
2020-08-19,Nokuto
2020-08-19,Nokuto
2020-08-19,Nokuto
2020-08-19,Nokuto
2020-08-19,Nokuto
2020-08-19,Nokuto
2020-08-19,Nokuto
2020-08-19,Nokuto
2020-08-19,john_thompson56
2020-08-19,john_thompson56
,
,
,
2020-08-16,Tylerdrew19
,
2020-08-11,Tylerdrew19
,
2020-08-18,Tylerdrew19
,
2020-08-11,Nokuto
,
2020-08-14,Tylerdrew19
2020-08-14,Tylerdrew19
2020-08-15,john_thompson56
2020-08-15,john_thompson56
2020-08-15,john_thompson56
,
2020-08-10,OatsFanatic(thomas_johnson19)
2020-08-04,OatsFanatic(thomas_johnson19)
,
2020-08-15,Tylerdrew19
,
2020-08-15,Tylerdrew19
,
2020-08-18,Tylerdrew19
,
2020-08-16,Tylerdrew19
,
2020-08-15,Tylerdrew19
2020-08-15,Tylerdrew19
2020-08-19,john_thompson56
2020-08-19,john_thompson56
,
2020-08-20,Nokuto
2020-08-20,Nokuto
2020-08-20,Nokuto
2020-08-20,Nokuto
2020-08-20,Nokuto
2020-08-20,john_thompson56
,
,
2020-08-19,john_thompson56
2020-08-19,john_thompson56
2020-08-19,john_thompson56
2020-08-20,Tylerdrew19
2020-08-20,Tylerdrew19
2020-08-20,Tylerdrew19
2020-08-20,Nokuto
2020-08-20,Nokuto
2020-08-20,Nokuto
2020-08-20,Nokuto
2020-08-20,Nokuto
2020-08-20,Nokuto
2020-08-20,Nokuto
2020-08-20,Nokuto
2020-08-20,Nokuto
2020-08-20,Nokuto
2020-08-20,Nokuto
2020-08-20,Nokuto
2020-08-20,Nokuto
2020-08-20,Nokuto
2020-08-20,Nokuto
2020-08-20,Nokuto
2020-08-21,Nokuto
2020-08-21,Nokuto
2020-08-21,Nokuto
2020-08-21,Nokuto
2020-08-21,Nokuto
2020-08-21,Nokuto
2020-08-21,Nokuto
2020-08-21,john_thompson56
2020-08-21,john_thompson56
2020-08-21,john_thompson56
2020-08-21,Nokuto
2020-08-21,Nokuto
,
2020-08-20,john_thompson56
2020-08-20,john_thompson56
2020-08-21,Tylerdrew19
2020-08-20,Tylerdrew19
2020-08-20,Tylerdrew19
2020-08-15,Tylerdrew19
2020-08-21,Tylerdrew19
2020-07-31,Nokuto
2020-08-20,Tylerdrew19
2020-08-19,john_thompson56
,
,
2020-08-24,Nokuto
2020-08-24,Nokuto
2020-08-24,Nokuto
2020-08-24,Nokuto
2020-08-24,Nokuto
,
2020-08-23,john_thompson56
,
2020-08-24,john_thompson56
2020-08-24,john_thompson56
2020-08-24,Tylerdrew19
2020-08-22,john_thompson56
2020-08-22,john_thompson56
2020-08-24,Tylerdrew19
2020-08-24,Tylerdrew19
2020-08-24,Tylerdrew19
2020-08-24,Tylerdrew19
2020-08-24,Tylerdrew19
2020-08-24,Tylerdrew19
2020-08-24,Tylerdrew19
2020-08-24,Tylerdrew19
2020-08-24,Tylerdrew19
,
2020-08-25,john_thompson56
2020-08-25,Nokuto
2020-08-25,Nokuto
2020-08-25,Nokuto
2020-08-25,Nokuto
2020-08-25,Nokuto
2020-08-25,Nokuto
2020-08-25,Nokuto
2020-08-25,Nokuto
2020-08-25,Nokuto
2020-08-25,Nokuto
2020-08-25,PipperPapper
2020-08-25,PipperPapper
2020-08-25,PipperPapper
2020-08-25,PipperPapper
2020-08-25,Nokuto
2020-08-25,Nokuto
2020-08-25,john_thompson56
2020-08-25,PipperPapper
2020-08-25,PipperPapper
2020-08-25,PipperPapper
2020-08-25,PipperPapper
2020-08-25,john_thompson56
2020-08-25,Nokuto
2020-08-25,PipperPapper
2020-08-25,PipperPapper
2020-08-25,PipperPapper
2020-08-25,PipperPapper
2020-08-25,PipperPapper
2020-08-25,PipperPapper
2020-08-25,PipperPapper
2020-08-25,PipperPapper
2020-08-25,PipperPapper
2020-08-25,PipperPapper
2020-08-25,PipperPapper
2020-08-25,PipperPapper
2020-08-25,PipperPapper
2020-08-25,Nokuto
2020-08-25,john_thompson56
2020-08-25,john_thompson56
2020-08-25,PipperPapper
2020-08-25,PipperPapper
2020-08-25,PipperPapper
2020-08-25,PipperPapper
2020-08-25,PipperPapper
2020-08-25,PipperPapper
2020-08-25,PipperPapper
2020-08-25,PipperPapper
2020-08-25,PipperPapper
2020-08-25,Nokuto
2020-08-25,PipperPapper
2020-08-25,PipperPapper
2020-08-25,PipperPapper
2020-08-25,PipperPapper
2020-08-25,PipperPapper
2020-08-25,PipperPapper
2020-08-25,PipperPapper
2020-08-25,PipperPapper
2020-08-25,PipperPapper
2020-08-25,PipperPapper
2020-08-25,PipperPapper
2020-08-25,PipperPapper
2020-08-25,john_thompson56
2020-08-25,john_thompson56
2020-08-26,Nokuto
2020-08-26,Nokuto
2020-08-26,Nokuto
2020-08-26,Nokuto
2020-08-26,Nokuto
2020-08-26,Nokuto
2020-08-26,PipperPapper
2020-08-26,PipperPapper
2020-08-26,Nokuto
2020-08-26,PipperPapper
2020-08-26,Nokuto
2020-08-26,Nokuto
2020-08-26,Nokuto
2020-08-26,PipperPapper
2020-08-26,PipperPapper
2020-08-26,Nokuto
2020-08-26,PipperPapper
,
2020-08-25,john_thompson56
,
2020-08-26,john_thompson56
,
2020-08-26,john_thompson56
2020-08-26,Nokuto
2020-08-26,PipperPapper
2020-08-26,PipperPapper
2020-08-26,PipperPapper
2020-08-26,PipperPapper
2020-08-26,PipperPapper
2020-08-26,PipperPapper
2020-08-26,Nokuto
2020-08-26,PipperPapper
2020-08-26,PipperPapper
2020-08-26,PipperPapper
2020-08-26,Nokuto
2020-08-26,Nokuto
2020-08-26,Nokuto
2020-08-26,PipperPapper
2020-08-26,Nokuto
2020-08-26,john_thompson56
,
2020-08-26,john_thompson56
2020-08-26,john_thompson56
2020-08-26,PipperPapper
2020-08-26,john_thompson56
2020-08-26,john_thompson56
2020-08-26,john_thompson56
2020-08-26,OatsFanatic(thomas_johnson19)
2020-08-26,OatsFanatic(thomas_johnson19)
2020-08-26,john_thompson56
2020-08-26,john_thompson56
2020-08-26,john_thompson56
2020-08-26,john_thompson56
2020-08-26,john_thompson56
,
2020-08-27,Nokuto
2020-08-27,Nokuto
2020-08-27,Nokuto
2020-08-27,Nokuto
2020-08-27,Nokuto
2020-08-27,john_thompson56
2020-08-27,john_thompson56
2020-08-27,john_thompson56
2020-08-27,john_thompson56
2020-08-27,john_thompson56
2020-08-27,john_thompson56
2020-08-27,PipperPapper
2020-08-27,john_thompson56
2020-08-27,PipperPapper
,
2020-08-27,john_thompson56
2020-08-27,john_thompson56
2020-08-27,john_thompson56
2020-08-27,john_thompson56
2020-08-27,john_thompson56
2020-08-27,john_thompson56
2020-08-27,Tylerdrew19
2020-08-27,Tylerdrew19
2020-08-27,Tylerdrew19
2020-08-27,Tylerdrew19
2020-08-27,Tylerdrew19
2020-08-27,PipperPapper
2020-08-27,john_thompson56
2020-08-27,PipperPapper
2020-08-27,john_thompson56
2020-08-27,john_thompson56
,
2020-08-28,john_thompson56
2020-08-28,Tylerdrew19
2020-08-28,Tylerdrew19
2020-08-28,Tylerdrew19
2020-08-28,PipperPapper
2020-08-28,PipperPapper
2020-08-28,PipperPapper
2020-08-28,Nokuto
2020-08-28,Nokuto
2020-08-28,Nokuto
2020-08-28,Nokuto
2020-08-28,Nokuto
2020-08-28,Nokuto
2020-08-28,Nokuto
2020-08-28,Nokuto
2020-08-28,Nokuto
2020-08-28,Nokuto
2020-08-28,Nokuto
2020-08-28,Nokuto
2020-08-28,john_thompson56
2020-08-28,Nokuto
2020-08-28,Nokuto
2020-08-28,Nokuto
2020-08-28,Nokuto
2020-08-28,john_thompson56
2020-08-28,john_thompson56
2020-08-28,john_thompson56
2020-08-28,Nokuto
2020-08-28,Nokuto
2020-08-28,Nokuto
2020-08-28,Nokuto
2020-08-29,Nokuto
2020-08-29,Nokuto
2020-08-29,Nokuto
2020-08-29,Nokuto
2020-08-29,Nokuto
,
2020-08-28,Nokuto
2020-08-28,john_thompson56
2020-08-29,Nokuto
2020-08-29,Nokuto
2020-08-29,Nokuto
2020-08-29,Nokuto
2020-08-29,Nokuto
2020-08-29,Nokuto
2020-08-29,Nokuto
2020-08-29,Nokuto
2020-08-29,Nokuto
2020-08-29,Nokuto
2020-08-29,Nokuto
2020-08-29,OatsFanatic(thomas_johnson19)
2020-08-29,Nokuto
2020-08-29,Nokuto
2020-08-29,Nokuto
2020-08-29,Nokuto
2020-08-29,Nokuto
2020-08-30,Nokuto
2020-08-30,Nokuto
2020-08-30,Nokuto
2020-08-30,Nokuto
2020-08-30,Nokuto
2020-08-30,john_thompson56
2020-08-30,john_thompson56
2020-08-30,OatsFanatic(thomas_johnson19)
2020-08-30,john_thompson56
2020-08-30,john_thompson56
2020-08-30,john_thompson56
2020-08-30,john_thompson56
2020-08-30,PipperPapper
2020-08-30,john_thompson56
2020-08-30,PipperPapper
2020-08-30,PipperPapper
2020-08-30,PipperPapper
2020-08-30,john_thompson56
2020-08-30,PipperPapper
2020-08-30,john_thompson56
2020-08-30,PipperPapper
2020-08-30,PipperPapper
,
2020-08-31,Nokuto
2020-08-31,Nokuto
2020-08-31,Nokuto
2020-08-31,Nokuto
2020-08-31,Nokuto
2020-08-31,Nokuto
2020-08-31,Nokuto
2020-08-31,Nokuto
2020-08-31,Nokuto
2020-08-31,Nokuto
,
2020-08-30,john_thompson56
2020-08-30,john_thompson56
2020-08-30,john_thompson56
2020-08-30,john_thompson56
2020-08-30,john_thompson56
2020-08-30,PipperPapper
2020-08-30,PipperPapper
2020-08-30,PipperPapper
2020-08-30,PipperPapper
,
2020-08-31,PipperPapper
2020-08-31,john_thompson56
2020-08-31,PipperPapper
2020-08-31,PipperPapper
2020-08-31,PipperPapper
2020-08-31,PipperPapper
,
2020-09-01,Nokuto
2020-09-01,Nokuto
2020-09-01,Nokuto
2020-09-01,OatsFanatic(thomas_johnson19)
2020-09-01,Nokuto
2020-09-01,Nokuto
,
2020-09-01,OatsFanatic(thomas_johnson19)
2020-09-01,john_thompson56
2020-09-01,john_thompson56
2020-08-31,john_thompson56
,
2020-08-31,PipperPapper
2020-08-31,john_thompson56
2020-08-31,john_thompson56
2020-08-31,john_thompson56
2020-08-31,PipperPapper
2020-08-31,PipperPapper
2020-08-31,PipperPapper
2020-08-31,PipperPapper
2020-08-31,john_thompson56
2020-08-31,Nokuto
2020-08-31,Nokuto
2020-08-31,john_thompson56
2020-08-31,john_thompson56
2020-08-31,john_thompson56
2020-08-31,john_thompson56
2020-08-31,john_thompson56
2020-08-31,john_thompson56
2020-08-31,john_thompson56
2020-08-31,john_thompson56
,
2020-08-30,PipperPapper
2020-08-30,john_thompson56
2020-08-31,PipperPapper
2020-08-31,PipperPapper
2020-08-31,PipperPapper
2020-08-31,PipperPapper
2020-08-31,PipperPapper
2020-08-31,PipperPapper
2020-08-31,PipperPapper
2020-08-31,PipperPapper
2020-08-31,john_thompson56
2020-08-30,john_thompson56
2020-08-30,john_thompson56
2020-08-30,PipperPapper
2020-08-30,john_thompson56
2020-09-01,Tylerdrew19
2020-08-31,john_thompson56
2020-08-31,john_thompson56
2020-08-31,PipperPapper
2020-08-31,PipperPapper
2020-08-31,john_thompson56
2020-08-31,PipperPapper
2020-08-31,PipperPapper
2020-08-31,PipperPapper
,
2020-08-31,PipperPapper
2020-08-31,PipperPapper
,
2020-08-26,john_thompson56
2020-08-26,john_thompson56
2020-08-26,john_thompson56
2020-08-26,john_thompson56
2020-08-28,john_thompson56
2020-08-28,john_thompson56
2020-08-31,john_thompson56
2020-08-31,PipperPapper
2020-08-31,john_thompson56
2020-09-01,Tylerdrew19
,
2020-09-03,rytovkyll
2020-09-03,rytovkyll
2020-09-03,john_thompson56
2020-09-03,john_thompson56
2020-09-03,john_thompson56
2020-09-03,john_thompson56
2020-09-03,Nokuto
2020-09-03,Nokuto
2020-09-03,Nokuto
2020-09-03,Nokuto
2020-09-03,Nokuto
2020-09-03,john_thompson56
2020-09-03,john_thompson56
2020-09-03,john_thompson56
2020-09-03,john_thompson56
2020-09-03,john_thompson56
2020-09-03,john_thompson56
2020-09-03,john_thompson56
,
2020-09-04,john_thompson56
2020-09-04,john_thompson56
2020-09-04,john_thompson56
2020-09-04,john_thompson56
2020-09-04,Nokuto
2020-09-04,Nokuto
2020-09-04,Nokuto
2020-09-04,Nokuto
2020-09-04,OatsFanatic(thomas_johnson19)
2020-09-04,Nokuto
2020-09-04,Nokuto
2020-09-04,Nokuto
2020-09-04,rytovkyll
2020-09-04,rytovkyll
2020-09-04,rytovkyll
2020-09-04,rytovkyll
2020-09-04,rytovkyll
2020-09-04,OatsFanatic(thomas_johnson19)
2020-09-04,OatsFanatic(thomas_johnson19)
2020-09-04,rytovkyll
2020-09-04,rytovkyll
2020-09-04,OatsFanatic(thomas_johnson19)
2020-09-04,john_thompson56
2020-09-04,john_thompson56
2020-09-04,Nokuto
2020-09-04,rytovkyll
2020-09-04,john_thompson56
2020-09-04,john_thompson56
2020-09-04,john_thompson56
2020-09-04,john_thompson56
2020-09-04,john_thompson56
2020-09-04,john_thompson56
2020-09-04,john_thompson56
2020-09-04,john_thompson56
2020-09-04,rytovkyll
2020-09-04,rytovkyll
2020-09-04,john_thompson56
,
2020-09-05,rytovkyll
2020-09-05,john_thompson56
2020-09-05,john_thompson56
2020-09-05,john_thompson56
2020-09-05,rytovkyll
2020-09-05,Nokuto
2020-09-05,Nokuto
2020-09-05,Nokuto
2020-09-05,Nokuto
2020-09-05,rytovkyll
2020-09-05,rytovkyll
2020-09-05,john_thompson56
2020-09-05,rytovkyll
2020-09-05,Nokuto
2020-09-05,Nokuto
2020-09-05,someone
2020-09-05,john_thompson56
2020-09-05,john_thompson56
2020-09-05,john_thompson56
2020-09-05,john_thompson56
2020-09-05,john_thompson56
2020-09-05,john_thompson56
2020-09-05,john_thompson56
2020-09-05,john_thompson56
2020-09-05,john_thompson56
2020-09-05,john_thompson56
2020-09-05,john_thompson56
2020-09-05,john_thompson56
2020-09-05,john_thompson56
2020-09-05,john_thompson56
2020-09-05,john_thompson56
2020-09-05,john_thompson56
2020-09-05,john_thompson56
2020-09-05,john_thompson56
2020-09-05,john_thompson56
2020-09-05,john_thompson56
2020-09-05,john_thompson56
2020-09-05,john_thompson56
2020-09-05,Nokuto
2020-09-05,Nokuto
2020-09-05,Nokuto
2020-09-05,Nokuto
2020-09-05,Nokuto
2020-09-05,Nokuto
2020-09-05,Nokuto
2020-09-05,john_thompson56
2020-09-05,Nokuto
2020-09-05,Nokuto
2020-09-05,rytovkyll
2020-09-05,john_thompson56
2020-09-05,Nokuto
2020-09-05,john_thompson56
2020-09-05,john_thompson56
2020-09-05,john_thompson56
2020-09-05,john_thompson56
2020-09-05,john_thompson56
2020-09-05,john_thompson56
,
2020-09-06,john_thompson56
2020-09-06,rytovkyll
2020-09-06,rytovkyll
2020-09-06,rytovkyll
2020-09-06,rytovkyll
2020-09-06,rytovkyll
2020-09-06,john_thompson56
2020-09-06,john_thompson56
2020-09-06,john_thompson56
2020-09-06,Nokuto
2020-09-06,Nokuto
2020-09-06,Nokuto
2020-09-06,Nokuto
2020-09-06,Nokuto
2020-09-06,rytovkyll
2020-09-06,rytovkyll
2020-09-06,rytovkyll
2020-09-06,rytovkyll
2020-09-06,rytovkyll
2020-09-06,rytovkyll
2020-09-06,rytovkyll
2020-09-06,john_thompson56
2020-09-06,Nokuto
2020-09-06,Nokuto
2020-09-06,john_thompson56
2020-09-06,Nokuto
2020-09-06,Nokuto
2020-09-06,Nokuto
2020-09-06,john_thompson56
2020-09-06,john_thompson56
2020-09-06,john_thompson56
2020-09-06,john_thompson56
2020-09-06,john_thompson56
2020-09-06,john_thompson56
2020-09-06,Nokuto
2020-09-06,john_thompson56
2020-09-06,Nokuto
2020-09-06,Nokuto
2020-09-06,john_thompson56
2020-09-06,john_thompson56
2020-09-06,john_thompson56
2020-09-06,Nokuto
2020-09-06,Nokuto
2020-09-06,john_thompson56
2020-09-06,john_thompson56
,
2020-09-07,john_thompson56
2020-09-07,john_thompson56
2020-09-07,john_thompson56
2020-09-07,rytovkyll
2020-09-07,rytovkyll
2020-09-07,Nokuto
2020-09-07,Nokuto
2020-09-07,Nokuto
2020-09-07,Nokuto
2020-09-07,Nokuto
2020-09-07,Nokuto
2020-09-07,john_thompson56
2020-09-07,OatsFanatic(thomas_johnson19)
2020-09-07,Nokuto
2020-09-07,Nokuto
2020-09-07,Nokuto
2020-09-07,john_thompson56
2020-09-07,Nokuto
2020-09-07,Nokuto
2020-09-07,Nokuto
2020-09-07,john_thompson56
2020-09-07,john_thompson56
2020-09-07,john_thompson56
2020-09-07,john_thompson56
2020-09-07,john_thompson56
2020-09-07,john_thompson56
2020-09-07,rytovkyll
2020-09-07,rytovkyll
2020-09-07,rytovkyll
2020-09-07,john_thompson56
,
2020-09-08,rytovkyll
2020-09-08,Nokuto
2020-09-08,Nokuto
2020-09-08,Nokuto
2020-09-08,Nokuto
2020-09-08,Nokuto
2020-09-08,john_thompson56
2020-09-08,john_thompson56
2020-09-08,john_thompson56
2020-09-08,john_thompson56
2020-09-08,Nokuto
2020-09-08,Nokuto
2020-09-08,Nokuto
2020-09-08,Nokuto
2020-09-08,Nokuto
2020-09-08,Nokuto
2020-09-08,Nokuto
2020-09-08,Nokuto
2020-09-08,Nokuto
2020-09-08,Nokuto
,
2020-09-08,rytovkyll
2020-09-08,rytovkyll
2020-09-08,rytovkyll
2020-09-08,rytovkyll
2020-09-08,rytovkyll
2020-09-08,john_thompson56
2020-09-08,rytovkyll
2020-09-08,Nokuto
2020-09-08,Nokuto
2020-09-08,Nokuto
2020-09-08,OatsFanatic(thomas_johnson19)
2020-09-08,rytovkyll
2020-09-08,rytovkyll
2020-09-08,rytovkyll
2020-09-08,rytovkyll
2020-09-08,rytovkyll
2020-09-08,rytovkyll
2020-09-08,rytovkyll
,
2020-09-08,rytovkyll
2020-09-08,rytovkyll
2020-09-08,john_thompson56
2020-09-08,john_thompson56
2020-09-06,john_thompson56
2020-09-08,john_thompson56
2020-09-08,rytovkyll
2020-09-08,rytovkyll
2020-09-08,john_thompson56
2020-09-08,john_thompson56
2020-09-08,john_thompson56
2020-09-08,OatsFanatic(thomas_johnson19)
2020-09-08,john_thompson56
2020-09-08,john_thompson56
2020-09-08,john_thompson56
2020-09-08,john_thompson56
2020-09-08,rytovkyll
2020-09-08,Nokuto
2020-09-08,john_thompson56
2020-09-08,Nokuto
2020-09-08,Nokuto
2020-09-08,rytovkyll
2020-09-08,Nokuto
2020-09-08,rytovkyll
2020-09-08,rytovkyll
2020-09-08,rytovkyll
2020-09-08,Nokuto
2020-09-08,john_thompson56
2020-09-08,Nokuto
2020-09-08,rytovkyll
2020-09-08,rytovkyll
2020-09-08,john_thompson56
2020-09-08,john_thompson56
2020-09-08,john_thompson56
2020-09-08,john_thompson56
2020-09-08,john_thompson56
2020-09-08,john_thompson56
2020-09-08,john_thompson56
,
2020-09-09,john_thompson56
2020-09-09,rytovkyll
2020-09-09,rytovkyll
2020-09-09,rytovkyll
2020-09-09,rytovkyll
2020-09-09,rytovkyll
2020-09-09,Nokuto
2020-09-09,john_thompson56
2020-09-09,Nokuto
2020-09-09,Nokuto
2020-09-09,Nokuto
2020-09-09,john_thompson56
2020-09-09,john_thompson56
2020-09-09,john_thompson56
2020-09-09,john_thompson56
2020-09-09,john_thompson56
2020-09-09,john_thompson56
2020-09-09,john_thompson56
2020-09-09,john_thompson56
2020-09-09,john_thompson56
2020-09-09,john_thompson56
2020-09-09,john_thompson56
2020-09-09,john_thompson56
2020-09-09,john_thompson56
2020-09-09,john_thompson56
2020-09-09,john_thompson56
2020-09-09,Nokuto
2020-09-09,Nokuto
2020-09-09,john_thompson56
2020-09-09,john_thompson56
2020-09-09,john_thompson56
2020-09-09,john_thompson56
2020-09-09,john_thompson56
2020-09-09,john_thompson56
2020-09-09,john_thompson56
2020-09-09,john_thompson56
2020-09-09,john_thompson56
2020-09-09,john_thompson56
2020-09-09,OatsFanatic(thomas_johnson19)
2020-09-09,Nokuto
2020-09-09,Nokuto
2020-09-09,Nokuto
2020-09-09,john_thompson56
2020-09-09,john_thompson56
2020-09-09,john_thompson56
2020-09-09,john_thompson56
2020-09-09,Nokuto
2020-09-09,john_thompson56
2020-09-09,Nokuto
2020-09-09,
2020-08-04,OatsFanatic(thomas_johnson19)
2020-08-15,john_thompson56
2020-09-02,OatsFanatic(thomas_johnson19)
2020-08-26,Tylerdrew19
2020-08-26,Tylerdrew19
2020-08-26,Tylerdrew19
2020-08-26,Tylerdrew19
2020-08-26,PipperPapper
2020-08-24,Tylerdrew19
2020-08-20,Tylerdrew19
,
2020-09-06,OatsFanatic(thomas_johnson19)
2020-09-09,OatsFanatic(thomas_johnson19)
2020-09-07,OatsFanatic(thomas_johnson19)
2020-09-07,OatsFanatic(thomas_johnson19)
2020-09-02,OatsFanatic(thomas_johnson19)
2020-09-01,OatsFanatic(thomas_johnson19)
2020-08-26,OatsFanatic(thomas_johnson19)
2020-08-10,OatsFanatic(thomas_johnson19)
2020-09-01,Tylerdrew19
2020-09-01,Tylerdrew19
2020-09-01,Tylerdrew19
2020-09-01,Tylerdrew19
2020-09-01,Tylerdrew19
2020-09-01,Tylerdrew19
2020-08-28,Tylerdrew19
2020-08-28,Tylerdrew19
2020-08-26,Tylerdrew19
2020-08-26,Tylerdrew19
2020-08-26,Tylerdrew19
,
2020-08-26,Tylerdrew19
2020-08-26,Tylerdrew19
2020-08-26,Tylerdrew19
2020-08-26,Tylerdrew19
2020-08-26,Tylerdrew19
2020-08-24,Tylerdrew19
2020-08-21,Tylerdrew19
2020-08-21,Tylerdrew19
2020-08-21,Tylerdrew19
2020-08-21,Tylerdrew19
2020-08-21,Tylerdrew19
2020-08-21,Tylerdrew19
2020-08-14,Tylerdrew19
2020-08-21,Tylerdrew19
2020-08-21,Tylerdrew19
2020-08-21,Tylerdrew19
2020-08-21,Tylerdrew19
2020-08-18,Tylerdrew19
,
2020-09-07,Nokuto
2020-09-05,Nokuto
2020-07-15,ChubbyhappyBuddha
2020-07-15,ChubbyhappyBuddha
2020-07-15,ChubbyhappyBuddha
2020-07-15,ChubbyhappyBuddha
2020-07-15,ChubbyhappyBuddha
2020-07-15,ChubbyhappyBuddha
2020-07-15,ChubbyhappyBuddha
2020-07-15,ChubbyhappyBuddha
2020-07-19,ChubbyhappyBuddha
2020-07-17,DeciduousTreant
,
2020-08-25,PipperPapper
2020-08-25,PipperPapper
2020-08-25,PipperPapper
2020-08-31,PipperPapper
2020-08-31,PipperPapper
2020-08-30,PipperPapper
2020-08-26,PipperPapper
2020-07-13,malutka79
2020-09-08,rytovkyll
2020-09-08,rytovkyll
2020-09-06,rytovkyll
2020-07-31,rytovkyll
2020-07-31,rytovkyll
2020-07-30,rytovkyll
2020-07-29,rytovkyll
2020-08-30,john_thompson56
2020-08-25,john_thompson56
2020-08-21,john_thompson56
2020-08-20,john_thompson56
2020-08-19,john_thompson56
2020-07-15,john_thompson56
2020-07-11,john_thompson56
2020-07-10,john_thompson56
2020-07-10,john_thompson56
