Date,competition1,competition2,competition3,competition4,competition,competitionsStarted,daysFromAnnouncement,daysToDeadline,daysAfterDeadline,daysOfProject,weekday,volunteer,interventions
2020-07-09,0,0,0,0,0,0,0,0,0,1,Thursday,Amy_is_in_Vegas,0
2020-07-10,0,0,0,0,0,0,0,0,0,2,Friday,Amy_is_in_Vegas,0
2020-07-11,0,0,0,0,0,0,0,0,0,3,Saturday,Amy_is_in_Vegas,0
2020-07-12,0,0,0,0,0,0,0,0,0,4,Sunday,Amy_is_in_Vegas,0
2020-07-13,0,0,0,0,0,0,0,0,0,5,Monday,Amy_is_in_Vegas,0
2020-07-14,0,0,0,0,0,0,0,0,0,6,Tuesday,Amy_is_in_Vegas,0
2020-07-15,0,0,0,0,0,0,0,0,0,7,Wednesday,Amy_is_in_Vegas,0
2020-07-16,0,0,0,0,0,0,0,0,0,8,Thursday,Amy_is_in_Vegas,0
2020-07-17,0,0,0,0,0,0,0,0,0,9,Friday,Amy_is_in_Vegas,0
2020-07-18,0,0,0,0,0,0,0,0,0,10,Saturday,Amy_is_in_Vegas,0
2020-07-19,0,0,0,0,0,0,0,0,0,11,Sunday,Amy_is_in_Vegas,0
2020-07-20,0,0,0,0,0,0,0,0,0,12,Monday,Amy_is_in_Vegas,0
2020-07-21,0,0,0,0,0,0,0,0,0,13,Tuesday,Amy_is_in_Vegas,0
2020-07-22,0,0,0,0,0,0,0,0,0,14,Wednesday,Amy_is_in_Vegas,0
2020-07-23,0,0,0,0,0,0,0,0,0,15,Thursday,Amy_is_in_Vegas,2
2020-07-24,1,0,0,0,1,1,1,8,0,16,Friday,Amy_is_in_Vegas,0
2020-07-25,1,0,0,0,1,1,2,7,0,17,Saturday,Amy_is_in_Vegas,0
2020-07-26,1,0,0,0,1,1,3,6,0,18,Sunday,Amy_is_in_Vegas,0
2020-07-27,1,0,0,0,1,1,4,5,0,19,Monday,Amy_is_in_Vegas,0
2020-07-28,1,0,0,0,1,1,5,4,0,20,Tuesday,Amy_is_in_Vegas,0
2020-07-29,1,0,0,0,1,1,6,3,0,21,Wednesday,Amy_is_in_Vegas,0
2020-07-30,1,0,0,0,1,1,7,2,0,22,Thursday,Amy_is_in_Vegas,0
2020-07-31,1,0,0,0,1,1,8,1,0,23,Friday,Amy_is_in_Vegas,0
2020-08-01,0,0,0,0,0,1,0,0,1,24,Saturday,Amy_is_in_Vegas,0
2020-08-02,0,0,0,0,0,1,0,0,2,25,Sunday,Amy_is_in_Vegas,0
2020-08-03,0,0,0,0,0,1,0,0,3,26,Monday,Amy_is_in_Vegas,0
2020-08-04,0,0,0,0,0,1,0,0,4,27,Tuesday,Amy_is_in_Vegas,0
2020-08-05,0,0,0,0,0,1,0,0,5,28,Wednesday,Amy_is_in_Vegas,0
2020-08-08,0,0,0,0,0,1,0,0,6,29,Saturday,Amy_is_in_Vegas,0
2020-08-10,0,0,0,0,0,1,0,0,7,30,Monday,Amy_is_in_Vegas,0
2020-08-11,0,0,0,0,0,1,0,0,8,31,Tuesday,Amy_is_in_Vegas,0
2020-08-12,0,0,0,0,0,1,0,0,9,32,Wednesday,Amy_is_in_Vegas,0
2020-08-13,0,0,0,0,0,1,0,0,10,33,Thursday,Amy_is_in_Vegas,0
2020-08-14,0,1,0,0,1,1,1,8,0,34,Friday,Amy_is_in_Vegas,0
2020-08-15,0,1,0,0,1,1,2,7,0,35,Saturday,Amy_is_in_Vegas,0
2020-08-16,0,1,0,0,1,1,3,6,0,36,Sunday,Amy_is_in_Vegas,0
2020-08-17,0,1,0,0,1,1,4,5,0,37,Monday,Amy_is_in_Vegas,0
2020-08-18,0,1,0,0,1,1,5,4,0,38,Tuesday,Amy_is_in_Vegas,0
2020-08-19,0,1,0,0,1,1,6,3,0,39,Wednesday,Amy_is_in_Vegas,0
2020-08-20,0,1,0,0,1,1,7,2,0,40,Thursday,Amy_is_in_Vegas,0
2020-08-21,0,1,0,0,1,1,8,1,0,41,Friday,Amy_is_in_Vegas,0
2020-08-22,0,0,0,0,0,1,0,0,1,42,Saturday,Amy_is_in_Vegas,0
2020-08-23,0,0,0,0,0,1,0,0,2,43,Sunday,Amy_is_in_Vegas,0
2020-08-24,0,0,0,0,0,1,0,0,3,44,Monday,Amy_is_in_Vegas,0
2020-08-25,0,0,1,0,1,1,1,8,0,45,Tuesday,Amy_is_in_Vegas,0
2020-08-26,0,0,1,0,1,1,2,7,0,46,Wednesday,Amy_is_in_Vegas,0
2020-08-27,0,0,1,0,1,1,3,6,0,47,Thursday,Amy_is_in_Vegas,0
2020-08-28,0,0,1,0,1,1,4,5,0,48,Friday,Amy_is_in_Vegas,0
2020-08-29,0,0,1,0,1,1,5,4,0,49,Saturday,Amy_is_in_Vegas,0
2020-08-30,0,0,1,0,1,1,6,3,0,50,Sunday,Amy_is_in_Vegas,0
2020-08-31,0,0,1,0,1,1,7,2,0,51,Monday,Amy_is_in_Vegas,0
2020-09-01,0,0,1,0,1,1,8,1,0,52,Tuesday,Amy_is_in_Vegas,0
2020-09-02,0,0,0,0,0,1,0,0,1,53,Wednesday,Amy_is_in_Vegas,0
2020-09-03,0,0,0,1,1,1,1,7,0,54,Thursday,Amy_is_in_Vegas,0
2020-09-04,0,0,0,1,1,1,2,6,0,55,Friday,Amy_is_in_Vegas,0
2020-09-05,0,0,0,1,1,1,3,5,0,56,Saturday,Amy_is_in_Vegas,0
2020-09-06,0,0,0,1,1,1,4,4,0,57,Sunday,Amy_is_in_Vegas,0
2020-09-07,0,0,0,1,1,1,5,3,0,58,Monday,Amy_is_in_Vegas,0
2020-09-08,0,0,0,1,1,1,6,2,0,59,Tuesday,Amy_is_in_Vegas,0
2020-09-09,0,0,0,1,1,1,7,1,0,60,Wednesday,Amy_is_in_Vegas,0
2020-07-17,0,0,0,0,0,0,0,0,0,9,Friday,bonusbgc,0
2020-07-18,0,0,0,0,0,0,0,0,0,10,Saturday,bonusbgc,0
2020-07-19,0,0,0,0,0,0,0,0,0,11,Sunday,bonusbgc,0
2020-07-20,0,0,0,0,0,0,0,0,0,12,Monday,bonusbgc,0
2020-07-21,0,0,0,0,0,0,0,0,0,13,Tuesday,bonusbgc,0
2020-07-22,0,0,0,0,0,0,0,0,0,14,Wednesday,bonusbgc,0
2020-07-23,0,0,0,0,0,0,0,0,0,15,Thursday,bonusbgc,0
2020-07-24,1,0,0,0,1,1,1,8,0,16,Friday,bonusbgc,0
2020-07-25,1,0,0,0,1,1,2,7,0,17,Saturday,bonusbgc,1
2020-07-26,1,0,0,0,1,1,3,6,0,18,Sunday,bonusbgc,0
2020-07-27,1,0,0,0,1,1,4,5,0,19,Monday,bonusbgc,0
2020-07-28,1,0,0,0,1,1,5,4,0,20,Tuesday,bonusbgc,0
2020-07-29,1,0,0,0,1,1,6,3,0,21,Wednesday,bonusbgc,0
2020-07-30,1,0,0,0,1,1,7,2,0,22,Thursday,bonusbgc,0
2020-07-31,1,0,0,0,1,1,8,1,0,23,Friday,bonusbgc,0
2020-08-01,0,0,0,0,0,1,0,0,1,24,Saturday,bonusbgc,0
2020-08-02,0,0,0,0,0,1,0,0,2,25,Sunday,bonusbgc,0
2020-08-03,0,0,0,0,0,1,0,0,3,26,Monday,bonusbgc,0
2020-08-04,0,0,0,0,0,1,0,0,4,27,Tuesday,bonusbgc,0
2020-08-05,0,0,0,0,0,1,0,0,5,28,Wednesday,bonusbgc,0
2020-08-08,0,0,0,0,0,1,0,0,6,29,Saturday,bonusbgc,0
2020-08-10,0,0,0,0,0,1,0,0,7,30,Monday,bonusbgc,0
2020-08-11,0,0,0,0,0,1,0,0,8,31,Tuesday,bonusbgc,0
2020-08-12,0,0,0,0,0,1,0,0,9,32,Wednesday,bonusbgc,0
2020-08-13,0,0,0,0,0,1,0,0,10,33,Thursday,bonusbgc,0
2020-08-14,0,1,0,0,1,1,1,8,0,34,Friday,bonusbgc,0
2020-08-15,0,1,0,0,1,1,2,7,0,35,Saturday,bonusbgc,0
2020-08-16,0,1,0,0,1,1,3,6,0,36,Sunday,bonusbgc,0
2020-08-17,0,1,0,0,1,1,4,5,0,37,Monday,bonusbgc,0
2020-08-18,0,1,0,0,1,1,5,4,0,38,Tuesday,bonusbgc,0
2020-08-19,0,1,0,0,1,1,6,3,0,39,Wednesday,bonusbgc,0
2020-08-20,0,1,0,0,1,1,7,2,0,40,Thursday,bonusbgc,0
2020-08-21,0,1,0,0,1,1,8,1,0,41,Friday,bonusbgc,0
2020-08-22,0,0,0,0,0,1,0,0,1,42,Saturday,bonusbgc,0
2020-08-23,0,0,0,0,0,1,0,0,2,43,Sunday,bonusbgc,0
2020-08-24,0,0,0,0,0,1,0,0,3,44,Monday,bonusbgc,0
2020-08-25,0,0,1,0,1,1,1,8,0,45,Tuesday,bonusbgc,0
2020-08-26,0,0,1,0,1,1,2,7,0,46,Wednesday,bonusbgc,0
2020-08-27,0,0,1,0,1,1,3,6,0,47,Thursday,bonusbgc,0
2020-08-28,0,0,1,0,1,1,4,5,0,48,Friday,bonusbgc,0
2020-08-29,0,0,1,0,1,1,5,4,0,49,Saturday,bonusbgc,0
2020-08-30,0,0,1,0,1,1,6,3,0,50,Sunday,bonusbgc,0
2020-08-31,0,0,1,0,1,1,7,2,0,51,Monday,bonusbgc,0
2020-09-01,0,0,1,0,1,1,8,1,0,52,Tuesday,bonusbgc,0
2020-09-02,0,0,0,0,0,1,0,0,1,53,Wednesday,bonusbgc,0
2020-09-03,0,0,0,1,1,1,1,7,0,54,Thursday,bonusbgc,0
2020-09-04,0,0,0,1,1,1,2,6,0,55,Friday,bonusbgc,0
2020-09-05,0,0,0,1,1,1,3,5,0,56,Saturday,bonusbgc,0
2020-09-06,0,0,0,1,1,1,4,4,0,57,Sunday,bonusbgc,0
2020-09-07,0,0,0,1,1,1,5,3,0,58,Monday,bonusbgc,0
2020-09-08,0,0,0,1,1,1,6,2,0,59,Tuesday,bonusbgc,0
2020-09-09,0,0,0,1,1,1,7,1,0,60,Wednesday,bonusbgc,0
2020-07-09,0,0,0,0,0,0,0,0,0,1,Thursday,flower_seven,0
2020-07-10,0,0,0,0,0,0,0,0,0,2,Friday,flower_seven,0
2020-07-11,0,0,0,0,0,0,0,0,0,3,Saturday,flower_seven,0
2020-07-12,0,0,0,0,0,0,0,0,0,4,Sunday,flower_seven,0
2020-07-13,0,0,0,0,0,0,0,0,0,5,Monday,flower_seven,0
2020-07-14,0,0,0,0,0,0,0,0,0,6,Tuesday,flower_seven,0
2020-07-15,0,0,0,0,0,0,0,0,0,7,Wednesday,flower_seven,0
2020-07-16,0,0,0,0,0,0,0,0,0,8,Thursday,flower_seven,0
2020-07-17,0,0,0,0,0,0,0,0,0,9,Friday,flower_seven,0
2020-07-18,0,0,0,0,0,0,0,0,0,10,Saturday,flower_seven,0
2020-07-19,0,0,0,0,0,0,0,0,0,11,Sunday,flower_seven,0
2020-07-20,0,0,0,0,0,0,0,0,0,12,Monday,flower_seven,0
2020-07-21,0,0,0,0,0,0,0,0,0,13,Tuesday,flower_seven,0
2020-07-22,0,0,0,0,0,0,0,0,0,14,Wednesday,flower_seven,0
2020-07-23,0,0,0,0,0,0,0,0,0,15,Thursday,flower_seven,0
2020-07-24,1,0,0,0,1,1,1,8,0,16,Friday,flower_seven,0
2020-07-25,1,0,0,0,1,1,2,7,0,17,Saturday,flower_seven,0
2020-07-26,1,0,0,0,1,1,3,6,0,18,Sunday,flower_seven,0
2020-07-27,1,0,0,0,1,1,4,5,0,19,Monday,flower_seven,0
2020-07-28,1,0,0,0,1,1,5,4,0,20,Tuesday,flower_seven,0
2020-07-29,1,0,0,0,1,1,6,3,0,21,Wednesday,flower_seven,0
2020-07-30,1,0,0,0,1,1,7,2,0,22,Thursday,flower_seven,0
2020-07-31,1,0,0,0,1,1,8,1,0,23,Friday,flower_seven,0
2020-08-01,0,0,0,0,0,1,0,0,1,24,Saturday,flower_seven,0
2020-08-02,0,0,0,0,0,1,0,0,2,25,Sunday,flower_seven,0
2020-08-03,0,0,0,0,0,1,0,0,3,26,Monday,flower_seven,0
2020-08-04,0,0,0,0,0,1,0,0,4,27,Tuesday,flower_seven,0
2020-08-05,0,0,0,0,0,1,0,0,5,28,Wednesday,flower_seven,5
2020-08-08,0,0,0,0,0,1,0,0,6,29,Saturday,flower_seven,0
2020-08-10,0,0,0,0,0,1,0,0,7,30,Monday,flower_seven,0
2020-08-11,0,0,0,0,0,1,0,0,8,31,Tuesday,flower_seven,0
2020-08-12,0,0,0,0,0,1,0,0,9,32,Wednesday,flower_seven,0
2020-08-13,0,0,0,0,0,1,0,0,10,33,Thursday,flower_seven,0
2020-08-14,0,1,0,0,1,1,1,8,0,34,Friday,flower_seven,0
2020-08-15,0,1,0,0,1,1,2,7,0,35,Saturday,flower_seven,0
2020-08-16,0,1,0,0,1,1,3,6,0,36,Sunday,flower_seven,0
2020-08-17,0,1,0,0,1,1,4,5,0,37,Monday,flower_seven,0
2020-08-18,0,1,0,0,1,1,5,4,0,38,Tuesday,flower_seven,0
2020-08-19,0,1,0,0,1,1,6,3,0,39,Wednesday,flower_seven,0
2020-08-20,0,1,0,0,1,1,7,2,0,40,Thursday,flower_seven,0
2020-08-21,0,1,0,0,1,1,8,1,0,41,Friday,flower_seven,0
2020-08-22,0,0,0,0,0,1,0,0,1,42,Saturday,flower_seven,0
2020-08-23,0,0,0,0,0,1,0,0,2,43,Sunday,flower_seven,0
2020-08-24,0,0,0,0,0,1,0,0,3,44,Monday,flower_seven,0
2020-08-25,0,0,1,0,1,1,1,8,0,45,Tuesday,flower_seven,0
2020-08-26,0,0,1,0,1,1,2,7,0,46,Wednesday,flower_seven,0
2020-08-27,0,0,1,0,1,1,3,6,0,47,Thursday,flower_seven,0
2020-08-28,0,0,1,0,1,1,4,5,0,48,Friday,flower_seven,0
2020-08-29,0,0,1,0,1,1,5,4,0,49,Saturday,flower_seven,0
2020-08-30,0,0,1,0,1,1,6,3,0,50,Sunday,flower_seven,0
2020-08-31,0,0,1,0,1,1,7,2,0,51,Monday,flower_seven,0
2020-09-01,0,0,1,0,1,1,8,1,0,52,Tuesday,flower_seven,0
2020-09-02,0,0,0,0,0,1,0,0,1,53,Wednesday,flower_seven,0
2020-09-03,0,0,0,1,1,1,1,7,0,54,Thursday,flower_seven,0
2020-09-04,0,0,0,1,1,1,2,6,0,55,Friday,flower_seven,0
2020-09-05,0,0,0,1,1,1,3,5,0,56,Saturday,flower_seven,0
2020-09-06,0,0,0,1,1,1,4,4,0,57,Sunday,flower_seven,0
2020-09-07,0,0,0,1,1,1,5,3,0,58,Monday,flower_seven,0
2020-09-08,0,0,0,1,1,1,6,2,0,59,Tuesday,flower_seven,0
2020-09-09,0,0,0,1,1,1,7,1,0,60,Wednesday,flower_seven,0
2020-07-21,0,0,0,0,0,0,0,0,0,13,Tuesday,Hmkyna,0
2020-07-22,0,0,0,0,0,0,0,0,0,14,Wednesday,Hmkyna,0
2020-07-23,0,0,0,0,0,0,0,0,0,15,Thursday,Hmkyna,0
2020-07-24,1,0,0,0,1,1,1,8,0,16,Friday,Hmkyna,0
2020-07-25,1,0,0,0,1,1,2,7,0,17,Saturday,Hmkyna,0
2020-07-26,1,0,0,0,1,1,3,6,0,18,Sunday,Hmkyna,0
2020-07-27,1,0,0,0,1,1,4,5,0,19,Monday,Hmkyna,0
2020-07-28,1,0,0,0,1,1,5,4,0,20,Tuesday,Hmkyna,0
2020-07-29,1,0,0,0,1,1,6,3,0,21,Wednesday,Hmkyna,0
2020-07-30,1,0,0,0,1,1,7,2,0,22,Thursday,Hmkyna,0
2020-07-31,1,0,0,0,1,1,8,1,0,23,Friday,Hmkyna,0
2020-08-01,0,0,0,0,0,1,0,0,1,24,Saturday,Hmkyna,0
2020-08-02,0,0,0,0,0,1,0,0,2,25,Sunday,Hmkyna,0
2020-08-03,0,0,0,0,0,1,0,0,3,26,Monday,Hmkyna,0
2020-08-04,0,0,0,0,0,1,0,0,4,27,Tuesday,Hmkyna,0
2020-08-05,0,0,0,0,0,1,0,0,5,28,Wednesday,Hmkyna,0
2020-08-08,0,0,0,0,0,1,0,0,6,29,Saturday,Hmkyna,0
2020-08-10,0,0,0,0,0,1,0,0,7,30,Monday,Hmkyna,0
2020-08-11,0,0,0,0,0,1,0,0,8,31,Tuesday,Hmkyna,0
2020-08-12,0,0,0,0,0,1,0,0,9,32,Wednesday,Hmkyna,0
2020-08-13,0,0,0,0,0,1,0,0,10,33,Thursday,Hmkyna,0
2020-08-14,0,1,0,0,1,1,1,8,0,34,Friday,Hmkyna,0
2020-08-15,0,1,0,0,1,1,2,7,0,35,Saturday,Hmkyna,0
2020-08-16,0,1,0,0,1,1,3,6,0,36,Sunday,Hmkyna,5
2020-08-17,0,1,0,0,1,1,4,5,0,37,Monday,Hmkyna,0
2020-08-18,0,1,0,0,1,1,5,4,0,38,Tuesday,Hmkyna,0
2020-08-19,0,1,0,0,1,1,6,3,0,39,Wednesday,Hmkyna,0
2020-08-20,0,1,0,0,1,1,7,2,0,40,Thursday,Hmkyna,0
2020-08-21,0,1,0,0,1,1,8,1,0,41,Friday,Hmkyna,0
2020-08-22,0,0,0,0,0,1,0,0,1,42,Saturday,Hmkyna,0
2020-08-23,0,0,0,0,0,1,0,0,2,43,Sunday,Hmkyna,0
2020-08-24,0,0,0,0,0,1,0,0,3,44,Monday,Hmkyna,0
2020-08-25,0,0,1,0,1,1,1,8,0,45,Tuesday,Hmkyna,0
2020-08-26,0,0,1,0,1,1,2,7,0,46,Wednesday,Hmkyna,0
2020-08-27,0,0,1,0,1,1,3,6,0,47,Thursday,Hmkyna,0
2020-08-28,0,0,1,0,1,1,4,5,0,48,Friday,Hmkyna,0
2020-08-29,0,0,1,0,1,1,5,4,0,49,Saturday,Hmkyna,0
2020-08-30,0,0,1,0,1,1,6,3,0,50,Sunday,Hmkyna,0
2020-08-31,0,0,1,0,1,1,7,2,0,51,Monday,Hmkyna,0
2020-09-01,0,0,1,0,1,1,8,1,0,52,Tuesday,Hmkyna,0
2020-09-02,0,0,0,0,0,1,0,0,1,53,Wednesday,Hmkyna,0
2020-09-03,0,0,0,1,1,1,1,7,0,54,Thursday,Hmkyna,0
2020-09-04,0,0,0,1,1,1,2,6,0,55,Friday,Hmkyna,0
2020-09-05,0,0,0,1,1,1,3,5,0,56,Saturday,Hmkyna,0
2020-09-06,0,0,0,1,1,1,4,4,0,57,Sunday,Hmkyna,0
2020-09-07,0,0,0,1,1,1,5,3,0,58,Monday,Hmkyna,0
2020-09-08,0,0,0,1,1,1,6,2,0,59,Tuesday,Hmkyna,0
2020-09-09,0,0,0,1,1,1,7,1,0,60,Wednesday,Hmkyna,0
2020-08-02,0,0,0,0,0,1,0,0,2,25,Sunday,Kawaii_Potato11,0
2020-08-03,0,0,0,0,0,1,0,0,3,26,Monday,Kawaii_Potato11,0
2020-08-04,0,0,0,0,0,1,0,0,4,27,Tuesday,Kawaii_Potato11,0
2020-08-05,0,0,0,0,0,1,0,0,5,28,Wednesday,Kawaii_Potato11,4
2020-08-08,0,0,0,0,0,1,0,0,6,29,Saturday,Kawaii_Potato11,2
2020-08-10,0,0,0,0,0,1,0,0,7,30,Monday,Kawaii_Potato11,0
2020-08-11,0,0,0,0,0,1,0,0,8,31,Tuesday,Kawaii_Potato11,0
2020-08-12,0,0,0,0,0,1,0,0,9,32,Wednesday,Kawaii_Potato11,0
2020-08-13,0,0,0,0,0,1,0,0,10,33,Thursday,Kawaii_Potato11,0
2020-08-14,0,1,0,0,1,1,1,8,0,34,Friday,Kawaii_Potato11,0
2020-08-15,0,1,0,0,1,1,2,7,0,35,Saturday,Kawaii_Potato11,0
2020-08-16,0,1,0,0,1,1,3,6,0,36,Sunday,Kawaii_Potato11,0
2020-08-17,0,1,0,0,1,1,4,5,0,37,Monday,Kawaii_Potato11,0
2020-08-18,0,1,0,0,1,1,5,4,0,38,Tuesday,Kawaii_Potato11,0
2020-08-19,0,1,0,0,1,1,6,3,0,39,Wednesday,Kawaii_Potato11,0
2020-08-20,0,1,0,0,1,1,7,2,0,40,Thursday,Kawaii_Potato11,0
2020-08-21,0,1,0,0,1,1,8,1,0,41,Friday,Kawaii_Potato11,0
2020-08-22,0,0,0,0,0,1,0,0,1,42,Saturday,Kawaii_Potato11,0
2020-08-23,0,0,0,0,0,1,0,0,2,43,Sunday,Kawaii_Potato11,0
2020-08-24,0,0,0,0,0,1,0,0,3,44,Monday,Kawaii_Potato11,0
2020-08-25,0,0,1,0,1,1,1,8,0,45,Tuesday,Kawaii_Potato11,0
2020-08-26,0,0,1,0,1,1,2,7,0,46,Wednesday,Kawaii_Potato11,0
2020-08-27,0,0,1,0,1,1,3,6,0,47,Thursday,Kawaii_Potato11,0
2020-08-28,0,0,1,0,1,1,4,5,0,48,Friday,Kawaii_Potato11,0
2020-08-29,0,0,1,0,1,1,5,4,0,49,Saturday,Kawaii_Potato11,0
2020-08-30,0,0,1,0,1,1,6,3,0,50,Sunday,Kawaii_Potato11,0
2020-08-31,0,0,1,0,1,1,7,2,0,51,Monday,Kawaii_Potato11,0
2020-09-01,0,0,1,0,1,1,8,1,0,52,Tuesday,Kawaii_Potato11,0
2020-09-02,0,0,0,0,0,1,0,0,1,53,Wednesday,Kawaii_Potato11,0
2020-09-03,0,0,0,1,1,1,1,7,0,54,Thursday,Kawaii_Potato11,0
2020-09-04,0,0,0,1,1,1,2,6,0,55,Friday,Kawaii_Potato11,0
2020-09-05,0,0,0,1,1,1,3,5,0,56,Saturday,Kawaii_Potato11,0
2020-09-06,0,0,0,1,1,1,4,4,0,57,Sunday,Kawaii_Potato11,0
2020-09-07,0,0,0,1,1,1,5,3,0,58,Monday,Kawaii_Potato11,0
2020-09-08,0,0,0,1,1,1,6,2,0,59,Tuesday,Kawaii_Potato11,0
2020-09-09,0,0,0,1,1,1,7,1,0,60,Wednesday,Kawaii_Potato11,0
2020-07-09,0,0,0,0,0,0,0,0,0,1,Thursday,Nocerefacileest,0
2020-07-10,0,0,0,0,0,0,0,0,0,2,Friday,Nocerefacileest,10
2020-07-11,0,0,0,0,0,0,0,0,0,3,Saturday,Nocerefacileest,1
2020-07-12,0,0,0,0,0,0,0,0,0,4,Sunday,Nocerefacileest,0
2020-07-13,0,0,0,0,0,0,0,0,0,5,Monday,Nocerefacileest,0
2020-07-14,0,0,0,0,0,0,0,0,0,6,Tuesday,Nocerefacileest,0
2020-07-15,0,0,0,0,0,0,0,0,0,7,Wednesday,Nocerefacileest,0
2020-07-16,0,0,0,0,0,0,0,0,0,8,Thursday,Nocerefacileest,0
2020-07-17,0,0,0,0,0,0,0,0,0,9,Friday,Nocerefacileest,0
2020-07-18,0,0,0,0,0,0,0,0,0,10,Saturday,Nocerefacileest,0
2020-07-19,0,0,0,0,0,0,0,0,0,11,Sunday,Nocerefacileest,0
2020-07-20,0,0,0,0,0,0,0,0,0,12,Monday,Nocerefacileest,0
2020-07-21,0,0,0,0,0,0,0,0,0,13,Tuesday,Nocerefacileest,0
2020-07-22,0,0,0,0,0,0,0,0,0,14,Wednesday,Nocerefacileest,0
2020-07-23,0,0,0,0,0,0,0,0,0,15,Thursday,Nocerefacileest,0
2020-07-24,1,0,0,0,1,1,1,8,0,16,Friday,Nocerefacileest,0
2020-07-25,1,0,0,0,1,1,2,7,0,17,Saturday,Nocerefacileest,0
2020-07-26,1,0,0,0,1,1,3,6,0,18,Sunday,Nocerefacileest,0
2020-07-27,1,0,0,0,1,1,4,5,0,19,Monday,Nocerefacileest,0
2020-07-28,1,0,0,0,1,1,5,4,0,20,Tuesday,Nocerefacileest,0
2020-07-29,1,0,0,0,1,1,6,3,0,21,Wednesday,Nocerefacileest,0
2020-07-30,1,0,0,0,1,1,7,2,0,22,Thursday,Nocerefacileest,0
2020-07-31,1,0,0,0,1,1,8,1,0,23,Friday,Nocerefacileest,0
2020-08-01,0,0,0,0,0,1,0,0,1,24,Saturday,Nocerefacileest,0
2020-08-02,0,0,0,0,0,1,0,0,2,25,Sunday,Nocerefacileest,0
2020-08-03,0,0,0,0,0,1,0,0,3,26,Monday,Nocerefacileest,0
2020-08-04,0,0,0,0,0,1,0,0,4,27,Tuesday,Nocerefacileest,0
2020-08-05,0,0,0,0,0,1,0,0,5,28,Wednesday,Nocerefacileest,0
2020-08-08,0,0,0,0,0,1,0,0,6,29,Saturday,Nocerefacileest,0
2020-08-10,0,0,0,0,0,1,0,0,7,30,Monday,Nocerefacileest,0
2020-08-11,0,0,0,0,0,1,0,0,8,31,Tuesday,Nocerefacileest,0
2020-08-12,0,0,0,0,0,1,0,0,9,32,Wednesday,Nocerefacileest,0
2020-08-13,0,0,0,0,0,1,0,0,10,33,Thursday,Nocerefacileest,0
2020-08-14,0,1,0,0,1,1,1,8,0,34,Friday,Nocerefacileest,0
2020-08-15,0,1,0,0,1,1,2,7,0,35,Saturday,Nocerefacileest,0
2020-08-16,0,1,0,0,1,1,3,6,0,36,Sunday,Nocerefacileest,0
2020-08-17,0,1,0,0,1,1,4,5,0,37,Monday,Nocerefacileest,0
2020-08-18,0,1,0,0,1,1,5,4,0,38,Tuesday,Nocerefacileest,0
2020-08-19,0,1,0,0,1,1,6,3,0,39,Wednesday,Nocerefacileest,0
2020-08-20,0,1,0,0,1,1,7,2,0,40,Thursday,Nocerefacileest,0
2020-08-21,0,1,0,0,1,1,8,1,0,41,Friday,Nocerefacileest,0
2020-08-22,0,0,0,0,0,1,0,0,1,42,Saturday,Nocerefacileest,0
2020-08-23,0,0,0,0,0,1,0,0,2,43,Sunday,Nocerefacileest,0
2020-08-24,0,0,0,0,0,1,0,0,3,44,Monday,Nocerefacileest,0
2020-08-25,0,0,1,0,1,1,1,8,0,45,Tuesday,Nocerefacileest,0
2020-08-26,0,0,1,0,1,1,2,7,0,46,Wednesday,Nocerefacileest,0
2020-08-27,0,0,1,0,1,1,3,6,0,47,Thursday,Nocerefacileest,0
2020-08-28,0,0,1,0,1,1,4,5,0,48,Friday,Nocerefacileest,0
2020-08-29,0,0,1,0,1,1,5,4,0,49,Saturday,Nocerefacileest,0
2020-08-30,0,0,1,0,1,1,6,3,0,50,Sunday,Nocerefacileest,0
2020-08-31,0,0,1,0,1,1,7,2,0,51,Monday,Nocerefacileest,0
2020-09-01,0,0,1,0,1,1,8,1,0,52,Tuesday,Nocerefacileest,0
2020-09-02,0,0,0,0,0,1,0,0,1,53,Wednesday,Nocerefacileest,0
2020-09-03,0,0,0,1,1,1,1,7,0,54,Thursday,Nocerefacileest,0
2020-09-04,0,0,0,1,1,1,2,6,0,55,Friday,Nocerefacileest,0
2020-09-05,0,0,0,1,1,1,3,5,0,56,Saturday,Nocerefacileest,0
2020-09-06,0,0,0,1,1,1,4,4,0,57,Sunday,Nocerefacileest,0
2020-09-07,0,0,0,1,1,1,5,3,0,58,Monday,Nocerefacileest,0
2020-09-08,0,0,0,1,1,1,6,2,0,59,Tuesday,Nocerefacileest,0
2020-09-09,0,0,0,1,1,1,7,1,0,60,Wednesday,Nocerefacileest,0
2020-07-09,0,0,0,0,0,0,0,0,0,1,Thursday,OneCat0,0
2020-07-10,0,0,0,0,0,0,0,0,0,2,Friday,OneCat0,0
2020-07-11,0,0,0,0,0,0,0,0,0,3,Saturday,OneCat0,0
2020-07-12,0,0,0,0,0,0,0,0,0,4,Sunday,OneCat0,0
2020-07-13,0,0,0,0,0,0,0,0,0,5,Monday,OneCat0,0
2020-07-14,0,0,0,0,0,0,0,0,0,6,Tuesday,OneCat0,0
2020-07-15,0,0,0,0,0,0,0,0,0,7,Wednesday,OneCat0,0
2020-07-16,0,0,0,0,0,0,0,0,0,8,Thursday,OneCat0,0
2020-07-17,0,0,0,0,0,0,0,0,0,9,Friday,OneCat0,5
2020-07-18,0,0,0,0,0,0,0,0,0,10,Saturday,OneCat0,0
2020-07-19,0,0,0,0,0,0,0,0,0,11,Sunday,OneCat0,0
2020-07-20,0,0,0,0,0,0,0,0,0,12,Monday,OneCat0,0
2020-07-21,0,0,0,0,0,0,0,0,0,13,Tuesday,OneCat0,0
2020-07-22,0,0,0,0,0,0,0,0,0,14,Wednesday,OneCat0,0
2020-07-23,0,0,0,0,0,0,0,0,0,15,Thursday,OneCat0,0
2020-07-24,1,0,0,0,1,1,1,8,0,16,Friday,OneCat0,0
2020-07-25,1,0,0,0,1,1,2,7,0,17,Saturday,OneCat0,0
2020-07-26,1,0,0,0,1,1,3,6,0,18,Sunday,OneCat0,0
2020-07-27,1,0,0,0,1,1,4,5,0,19,Monday,OneCat0,0
2020-07-28,1,0,0,0,1,1,5,4,0,20,Tuesday,OneCat0,0
2020-07-29,1,0,0,0,1,1,6,3,0,21,Wednesday,OneCat0,0
2020-07-30,1,0,0,0,1,1,7,2,0,22,Thursday,OneCat0,0
2020-07-31,1,0,0,0,1,1,8,1,0,23,Friday,OneCat0,0
2020-08-01,0,0,0,0,0,1,0,0,1,24,Saturday,OneCat0,0
2020-08-02,0,0,0,0,0,1,0,0,2,25,Sunday,OneCat0,0
2020-08-03,0,0,0,0,0,1,0,0,3,26,Monday,OneCat0,0
2020-08-04,0,0,0,0,0,1,0,0,4,27,Tuesday,OneCat0,0
2020-08-05,0,0,0,0,0,1,0,0,5,28,Wednesday,OneCat0,0
2020-08-08,0,0,0,0,0,1,0,0,6,29,Saturday,OneCat0,0
2020-08-10,0,0,0,0,0,1,0,0,7,30,Monday,OneCat0,0
2020-08-11,0,0,0,0,0,1,0,0,8,31,Tuesday,OneCat0,0
2020-08-12,0,0,0,0,0,1,0,0,9,32,Wednesday,OneCat0,0
2020-08-13,0,0,0,0,0,1,0,0,10,33,Thursday,OneCat0,0
2020-08-14,0,1,0,0,1,1,1,8,0,34,Friday,OneCat0,0
2020-08-15,0,1,0,0,1,1,2,7,0,35,Saturday,OneCat0,0
2020-08-16,0,1,0,0,1,1,3,6,0,36,Sunday,OneCat0,0
2020-08-17,0,1,0,0,1,1,4,5,0,37,Monday,OneCat0,0
2020-08-18,0,1,0,0,1,1,5,4,0,38,Tuesday,OneCat0,0
2020-08-19,0,1,0,0,1,1,6,3,0,39,Wednesday,OneCat0,0
2020-08-20,0,1,0,0,1,1,7,2,0,40,Thursday,OneCat0,0
2020-08-21,0,1,0,0,1,1,8,1,0,41,Friday,OneCat0,0
2020-08-22,0,0,0,0,0,1,0,0,1,42,Saturday,OneCat0,0
2020-08-23,0,0,0,0,0,1,0,0,2,43,Sunday,OneCat0,0
2020-08-24,0,0,0,0,0,1,0,0,3,44,Monday,OneCat0,0
2020-08-25,0,0,1,0,1,1,1,8,0,45,Tuesday,OneCat0,0
2020-08-26,0,0,1,0,1,1,2,7,0,46,Wednesday,OneCat0,0
2020-08-27,0,0,1,0,1,1,3,6,0,47,Thursday,OneCat0,0
2020-08-28,0,0,1,0,1,1,4,5,0,48,Friday,OneCat0,0
2020-08-29,0,0,1,0,1,1,5,4,0,49,Saturday,OneCat0,0
2020-08-30,0,0,1,0,1,1,6,3,0,50,Sunday,OneCat0,0
2020-08-31,0,0,1,0,1,1,7,2,0,51,Monday,OneCat0,0
2020-09-01,0,0,1,0,1,1,8,1,0,52,Tuesday,OneCat0,0
2020-09-02,0,0,0,0,0,1,0,0,1,53,Wednesday,OneCat0,0
2020-09-03,0,0,0,1,1,1,1,7,0,54,Thursday,OneCat0,0
2020-09-04,0,0,0,1,1,1,2,6,0,55,Friday,OneCat0,0
2020-09-05,0,0,0,1,1,1,3,5,0,56,Saturday,OneCat0,0
2020-09-06,0,0,0,1,1,1,4,4,0,57,Sunday,OneCat0,0
2020-09-07,0,0,0,1,1,1,5,3,0,58,Monday,OneCat0,0
2020-09-08,0,0,0,1,1,1,6,2,0,59,Tuesday,OneCat0,0
2020-09-09,0,0,0,1,1,1,7,1,0,60,Wednesday,OneCat0,0
2020-07-09,0,0,0,0,0,0,0,0,0,1,Thursday,PipperPapperChubbyhappyBuddha,2
2020-07-10,0,0,0,0,0,0,0,0,0,2,Friday,PipperPapperChubbyhappyBuddha,0
2020-07-11,0,0,0,0,0,0,0,0,0,3,Saturday,PipperPapperChubbyhappyBuddha,0
2020-07-12,0,0,0,0,0,0,0,0,0,4,Sunday,PipperPapperChubbyhappyBuddha,0
2020-07-13,0,0,0,0,0,0,0,0,0,5,Monday,PipperPapperChubbyhappyBuddha,3
2020-07-14,0,0,0,0,0,0,0,0,0,6,Tuesday,PipperPapperChubbyhappyBuddha,22
2020-07-15,0,0,0,0,0,0,0,0,0,7,Wednesday,PipperPapperChubbyhappyBuddha,19
2020-07-16,0,0,0,0,0,0,0,0,0,8,Thursday,PipperPapperChubbyhappyBuddha,3
2020-07-17,0,0,0,0,0,0,0,0,0,9,Friday,PipperPapperChubbyhappyBuddha,5
2020-07-18,0,0,0,0,0,0,0,0,0,10,Saturday,PipperPapperChubbyhappyBuddha,0
2020-07-19,0,0,0,0,0,0,0,0,0,11,Sunday,PipperPapperChubbyhappyBuddha,1
2020-07-20,0,0,0,0,0,0,0,0,0,12,Monday,PipperPapperChubbyhappyBuddha,0
2020-07-21,0,0,0,0,0,0,0,0,0,13,Tuesday,PipperPapperChubbyhappyBuddha,0
2020-07-22,0,0,0,0,0,0,0,0,0,14,Wednesday,PipperPapperChubbyhappyBuddha,0
2020-07-23,0,0,0,0,0,0,0,0,0,15,Thursday,PipperPapperChubbyhappyBuddha,0
2020-07-24,1,0,0,0,1,1,1,8,0,16,Friday,PipperPapperChubbyhappyBuddha,0
2020-07-25,1,0,0,0,1,1,2,7,0,17,Saturday,PipperPapperChubbyhappyBuddha,0
2020-07-26,1,0,0,0,1,1,3,6,0,18,Sunday,PipperPapperChubbyhappyBuddha,2
2020-07-27,1,0,0,0,1,1,4,5,0,19,Monday,PipperPapperChubbyhappyBuddha,0
2020-07-28,1,0,0,0,1,1,5,4,0,20,Tuesday,PipperPapperChubbyhappyBuddha,0
2020-07-29,1,0,0,0,1,1,6,3,0,21,Wednesday,PipperPapperChubbyhappyBuddha,0
2020-07-30,1,0,0,0,1,1,7,2,0,22,Thursday,PipperPapperChubbyhappyBuddha,0
2020-07-31,1,0,0,0,1,1,8,1,0,23,Friday,PipperPapperChubbyhappyBuddha,2
2020-08-01,0,0,0,0,0,1,0,0,1,24,Saturday,PipperPapperChubbyhappyBuddha,0
2020-08-02,0,0,0,0,0,1,0,0,2,25,Sunday,PipperPapperChubbyhappyBuddha,0
2020-08-03,0,0,0,0,0,1,0,0,3,26,Monday,PipperPapperChubbyhappyBuddha,0
2020-08-04,0,0,0,0,0,1,0,0,4,27,Tuesday,PipperPapperChubbyhappyBuddha,0
2020-08-05,0,0,0,0,0,1,0,0,5,28,Wednesday,PipperPapperChubbyhappyBuddha,0
2020-08-08,0,0,0,0,0,1,0,0,6,29,Saturday,PipperPapperChubbyhappyBuddha,0
2020-08-10,0,0,0,0,0,1,0,0,7,30,Monday,PipperPapperChubbyhappyBuddha,0
2020-08-11,0,0,0,0,0,1,0,0,8,31,Tuesday,PipperPapperChubbyhappyBuddha,0
2020-08-12,0,0,0,0,0,1,0,0,9,32,Wednesday,PipperPapperChubbyhappyBuddha,0
2020-08-13,0,0,0,0,0,1,0,0,10,33,Thursday,PipperPapperChubbyhappyBuddha,0
2020-08-14,0,1,0,0,1,1,1,8,0,34,Friday,PipperPapperChubbyhappyBuddha,0
2020-08-15,0,1,0,0,1,1,2,7,0,35,Saturday,PipperPapperChubbyhappyBuddha,0
2020-08-16,0,1,0,0,1,1,3,6,0,36,Sunday,PipperPapperChubbyhappyBuddha,0
2020-08-17,0,1,0,0,1,1,4,5,0,37,Monday,PipperPapperChubbyhappyBuddha,0
2020-08-18,0,1,0,0,1,1,5,4,0,38,Tuesday,PipperPapperChubbyhappyBuddha,0
2020-08-19,0,1,0,0,1,1,6,3,0,39,Wednesday,PipperPapperChubbyhappyBuddha,0
2020-08-20,0,1,0,0,1,1,7,2,0,40,Thursday,PipperPapperChubbyhappyBuddha,0
2020-08-21,0,1,0,0,1,1,8,1,0,41,Friday,PipperPapperChubbyhappyBuddha,0
2020-08-22,0,0,0,0,0,1,0,0,1,42,Saturday,PipperPapperChubbyhappyBuddha,0
2020-08-23,0,0,0,0,0,1,0,0,2,43,Sunday,PipperPapperChubbyhappyBuddha,0
2020-08-24,0,0,0,0,0,1,0,0,3,44,Monday,PipperPapperChubbyhappyBuddha,0
2020-08-25,0,0,1,0,1,1,1,8,0,45,Tuesday,PipperPapperChubbyhappyBuddha,45
2020-08-26,0,0,1,0,1,1,2,7,0,46,Wednesday,PipperPapperChubbyhappyBuddha,19
2020-08-27,0,0,1,0,1,1,3,6,0,47,Thursday,PipperPapperChubbyhappyBuddha,4
2020-08-28,0,0,1,0,1,1,4,5,0,48,Friday,PipperPapperChubbyhappyBuddha,3
2020-08-29,0,0,1,0,1,1,5,4,0,49,Saturday,PipperPapperChubbyhappyBuddha,0
2020-08-30,0,0,1,0,1,1,6,3,0,50,Sunday,PipperPapperChubbyhappyBuddha,14
2020-08-31,0,0,1,0,1,1,7,2,0,51,Monday,PipperPapperChubbyhappyBuddha,28
2020-09-01,0,0,1,0,1,1,8,1,0,52,Tuesday,PipperPapperChubbyhappyBuddha,0
2020-09-02,0,0,0,0,0,1,0,0,1,53,Wednesday,PipperPapperChubbyhappyBuddha,0
2020-09-03,0,0,0,1,1,1,1,7,0,54,Thursday,PipperPapperChubbyhappyBuddha,0
2020-09-04,0,0,0,1,1,1,2,6,0,55,Friday,PipperPapperChubbyhappyBuddha,0
2020-09-05,0,0,0,1,1,1,3,5,0,56,Saturday,PipperPapperChubbyhappyBuddha,0
2020-09-06,0,0,0,1,1,1,4,4,0,57,Sunday,PipperPapperChubbyhappyBuddha,0
2020-09-07,0,0,0,1,1,1,5,3,0,58,Monday,PipperPapperChubbyhappyBuddha,0
2020-09-08,0,0,0,1,1,1,6,2,0,59,Tuesday,PipperPapperChubbyhappyBuddha,0
2020-09-09,0,0,0,1,1,1,7,1,0,60,Wednesday,PipperPapperChubbyhappyBuddha,0
2020-07-09,0,0,0,0,0,0,0,0,0,1,Thursday,karmachameleon733Nokuto,0
2020-07-10,0,0,0,0,0,0,0,0,0,2,Friday,karmachameleon733Nokuto,30
2020-07-11,0,0,0,0,0,0,0,0,0,3,Saturday,karmachameleon733Nokuto,1
2020-07-12,0,0,0,0,0,0,0,0,0,4,Sunday,karmachameleon733Nokuto,21
2020-07-13,0,0,0,0,0,0,0,0,0,5,Monday,karmachameleon733Nokuto,34
2020-07-14,0,0,0,0,0,0,0,0,0,6,Tuesday,karmachameleon733Nokuto,12
2020-07-15,0,0,0,0,0,0,0,0,0,7,Wednesday,karmachameleon733Nokuto,5
2020-07-16,0,0,0,0,0,0,0,0,0,8,Thursday,karmachameleon733Nokuto,0
2020-07-17,0,0,0,0,0,0,0,0,0,9,Friday,karmachameleon733Nokuto,0
2020-07-18,0,0,0,0,0,0,0,0,0,10,Saturday,karmachameleon733Nokuto,0
2020-07-19,0,0,0,0,0,0,0,0,0,11,Sunday,karmachameleon733Nokuto,0
2020-07-20,0,0,0,0,0,0,0,0,0,12,Monday,karmachameleon733Nokuto,0
2020-07-21,0,0,0,0,0,0,0,0,0,13,Tuesday,karmachameleon733Nokuto,0
2020-07-22,0,0,0,0,0,0,0,0,0,14,Wednesday,karmachameleon733Nokuto,0
2020-07-23,0,0,0,0,0,0,0,0,0,15,Thursday,karmachameleon733Nokuto,0
2020-07-24,1,0,0,0,1,1,1,8,0,16,Friday,karmachameleon733Nokuto,0
2020-07-25,1,0,0,0,1,1,2,7,0,17,Saturday,karmachameleon733Nokuto,0
2020-07-26,1,0,0,0,1,1,3,6,0,18,Sunday,karmachameleon733Nokuto,14
2020-07-27,1,0,0,0,1,1,4,5,0,19,Monday,karmachameleon733Nokuto,20
2020-07-28,1,0,0,0,1,1,5,4,0,20,Tuesday,karmachameleon733Nokuto,10
2020-07-29,1,0,0,0,1,1,6,3,0,21,Wednesday,karmachameleon733Nokuto,13
2020-07-30,1,0,0,0,1,1,7,2,0,22,Thursday,karmachameleon733Nokuto,9
2020-07-31,1,0,0,0,1,1,8,1,0,23,Friday,karmachameleon733Nokuto,41
2020-08-01,0,0,0,0,0,1,0,0,1,24,Saturday,karmachameleon733Nokuto,1
2020-08-02,0,0,0,0,0,1,0,0,2,25,Sunday,karmachameleon733Nokuto,0
2020-08-03,0,0,0,0,0,1,0,0,3,26,Monday,karmachameleon733Nokuto,5
2020-08-04,0,0,0,0,0,1,0,0,4,27,Tuesday,karmachameleon733Nokuto,12
2020-08-05,0,0,0,0,0,1,0,0,5,28,Wednesday,karmachameleon733Nokuto,6
2020-08-08,0,0,0,0,0,1,0,0,6,29,Saturday,karmachameleon733Nokuto,0
2020-08-10,0,0,0,0,0,1,0,0,7,30,Monday,karmachameleon733Nokuto,0
2020-08-11,0,0,0,0,0,1,0,0,8,31,Tuesday,karmachameleon733Nokuto,5
2020-08-12,0,0,0,0,0,1,0,0,9,32,Wednesday,karmachameleon733Nokuto,0
2020-08-13,0,0,0,0,0,1,0,0,10,33,Thursday,karmachameleon733Nokuto,0
2020-08-14,0,1,0,0,1,1,1,8,0,34,Friday,karmachameleon733Nokuto,12
2020-08-15,0,1,0,0,1,1,2,7,0,35,Saturday,karmachameleon733Nokuto,17
2020-08-16,0,1,0,0,1,1,3,6,0,36,Sunday,karmachameleon733Nokuto,20
2020-08-17,0,1,0,0,1,1,4,5,0,37,Monday,karmachameleon733Nokuto,13
2020-08-18,0,1,0,0,1,1,5,4,0,38,Tuesday,karmachameleon733Nokuto,26
2020-08-19,0,1,0,0,1,1,6,3,0,39,Wednesday,karmachameleon733Nokuto,14
2020-08-20,0,1,0,0,1,1,7,2,0,40,Thursday,karmachameleon733Nokuto,21
2020-08-21,0,1,0,0,1,1,8,1,0,41,Friday,karmachameleon733Nokuto,9
2020-08-22,0,0,0,0,0,1,0,0,1,42,Saturday,karmachameleon733Nokuto,0
2020-08-23,0,0,0,0,0,1,0,0,2,43,Sunday,karmachameleon733Nokuto,0
2020-08-24,0,0,0,0,0,1,0,0,3,44,Monday,karmachameleon733Nokuto,5
2020-08-25,0,0,1,0,1,1,1,8,0,45,Tuesday,karmachameleon733Nokuto,15
2020-08-26,0,0,1,0,1,1,2,7,0,46,Wednesday,karmachameleon733Nokuto,17
2020-08-27,0,0,1,0,1,1,3,6,0,47,Thursday,karmachameleon733Nokuto,5
2020-08-28,0,0,1,0,1,1,4,5,0,48,Friday,karmachameleon733Nokuto,21
2020-08-29,0,0,1,0,1,1,5,4,0,49,Saturday,karmachameleon733Nokuto,21
2020-08-30,0,0,1,0,1,1,6,3,0,50,Sunday,karmachameleon733Nokuto,5
2020-08-31,0,0,1,0,1,1,7,2,0,51,Monday,karmachameleon733Nokuto,12
2020-09-01,0,0,1,0,1,1,8,1,0,52,Tuesday,karmachameleon733Nokuto,5
2020-09-02,0,0,0,0,0,1,0,0,1,53,Wednesday,karmachameleon733Nokuto,0
2020-09-03,0,0,0,1,1,1,1,7,0,54,Thursday,karmachameleon733Nokuto,5
2020-09-04,0,0,0,1,1,1,2,6,0,55,Friday,karmachameleon733Nokuto,8
2020-09-05,0,0,0,1,1,1,3,5,0,56,Saturday,karmachameleon733Nokuto,17
2020-09-06,0,0,0,1,1,1,4,4,0,57,Sunday,karmachameleon733Nokuto,15
2020-09-07,0,0,0,1,1,1,5,3,0,58,Monday,karmachameleon733Nokuto,13
2020-09-08,0,0,0,1,1,1,6,2,0,59,Tuesday,karmachameleon733Nokuto,24
2020-09-09,0,0,0,1,1,1,7,1,0,60,Wednesday,karmachameleon733Nokuto,11
2020-07-09,0,0,0,0,0,0,0,0,0,1,Thursday,thomas_johnson19MillieJacob,0
2020-07-10,0,0,0,0,0,0,0,0,0,2,Friday,thomas_johnson19MillieJacob,0
2020-07-11,0,0,0,0,0,0,0,0,0,3,Saturday,thomas_johnson19MillieJacob,0
2020-07-12,0,0,0,0,0,0,0,0,0,4,Sunday,thomas_johnson19MillieJacob,0
2020-07-13,0,0,0,0,0,0,0,0,0,5,Monday,thomas_johnson19MillieJacob,3
2020-07-14,0,0,0,0,0,0,0,0,0,6,Tuesday,thomas_johnson19MillieJacob,5
2020-07-15,0,0,0,0,0,0,0,0,0,7,Wednesday,thomas_johnson19MillieJacob,13
2020-07-16,0,0,0,0,0,0,0,0,0,8,Thursday,thomas_johnson19MillieJacob,5
2020-07-17,0,0,0,0,0,0,0,0,0,9,Friday,thomas_johnson19MillieJacob,36
2020-07-18,0,0,0,0,0,0,0,0,0,10,Saturday,thomas_johnson19MillieJacob,0
2020-07-19,0,0,0,0,0,0,0,0,0,11,Sunday,thomas_johnson19MillieJacob,0
2020-07-20,0,0,0,0,0,0,0,0,0,12,Monday,thomas_johnson19MillieJacob,12
2020-07-21,0,0,0,0,0,0,0,0,0,13,Tuesday,thomas_johnson19MillieJacob,0
2020-07-22,0,0,0,0,0,0,0,0,0,14,Wednesday,thomas_johnson19MillieJacob,0
2020-07-23,0,0,0,0,0,0,0,0,0,15,Thursday,thomas_johnson19MillieJacob,0
2020-07-24,1,0,0,0,1,1,1,8,0,16,Friday,thomas_johnson19MillieJacob,0
2020-07-25,1,0,0,0,1,1,2,7,0,17,Saturday,thomas_johnson19MillieJacob,0
2020-07-26,1,0,0,0,1,1,3,6,0,18,Sunday,thomas_johnson19MillieJacob,0
2020-07-27,1,0,0,0,1,1,4,5,0,19,Monday,thomas_johnson19MillieJacob,0
2020-07-28,1,0,0,0,1,1,5,4,0,20,Tuesday,thomas_johnson19MillieJacob,0
2020-07-29,1,0,0,0,1,1,6,3,0,21,Wednesday,thomas_johnson19MillieJacob,0
2020-07-30,1,0,0,0,1,1,7,2,0,22,Thursday,thomas_johnson19MillieJacob,0
2020-07-31,1,0,0,0,1,1,8,1,0,23,Friday,thomas_johnson19MillieJacob,0
2020-08-01,0,0,0,0,0,1,0,0,1,24,Saturday,thomas_johnson19MillieJacob,0
2020-08-02,0,0,0,0,0,1,0,0,2,25,Sunday,thomas_johnson19MillieJacob,0
2020-08-03,0,0,0,0,0,1,0,0,3,26,Monday,thomas_johnson19MillieJacob,0
2020-08-04,0,0,0,0,0,1,0,0,4,27,Tuesday,thomas_johnson19MillieJacob,0
2020-08-05,0,0,0,0,0,1,0,0,5,28,Wednesday,thomas_johnson19MillieJacob,0
2020-08-08,0,0,0,0,0,1,0,0,6,29,Saturday,thomas_johnson19MillieJacob,0
2020-08-10,0,0,0,0,0,1,0,0,7,30,Monday,thomas_johnson19MillieJacob,0
2020-08-11,0,0,0,0,0,1,0,0,8,31,Tuesday,thomas_johnson19MillieJacob,0
2020-08-12,0,0,0,0,0,1,0,0,9,32,Wednesday,thomas_johnson19MillieJacob,0
2020-08-13,0,0,0,0,0,1,0,0,10,33,Thursday,thomas_johnson19MillieJacob,0
2020-08-14,0,1,0,0,1,1,1,8,0,34,Friday,thomas_johnson19MillieJacob,0
2020-08-15,0,1,0,0,1,1,2,7,0,35,Saturday,thomas_johnson19MillieJacob,0
2020-08-16,0,1,0,0,1,1,3,6,0,36,Sunday,thomas_johnson19MillieJacob,0
2020-08-17,0,1,0,0,1,1,4,5,0,37,Monday,thomas_johnson19MillieJacob,0
2020-08-18,0,1,0,0,1,1,5,4,0,38,Tuesday,thomas_johnson19MillieJacob,0
2020-08-19,0,1,0,0,1,1,6,3,0,39,Wednesday,thomas_johnson19MillieJacob,0
2020-08-20,0,1,0,0,1,1,7,2,0,40,Thursday,thomas_johnson19MillieJacob,0
2020-08-21,0,1,0,0,1,1,8,1,0,41,Friday,thomas_johnson19MillieJacob,0
2020-08-22,0,0,0,0,0,1,0,0,1,42,Saturday,thomas_johnson19MillieJacob,0
2020-08-23,0,0,0,0,0,1,0,0,2,43,Sunday,thomas_johnson19MillieJacob,0
2020-08-24,0,0,0,0,0,1,0,0,3,44,Monday,thomas_johnson19MillieJacob,0
2020-08-25,0,0,1,0,1,1,1,8,0,45,Tuesday,thomas_johnson19MillieJacob,0
2020-08-26,0,0,1,0,1,1,2,7,0,46,Wednesday,thomas_johnson19MillieJacob,0
2020-08-27,0,0,1,0,1,1,3,6,0,47,Thursday,thomas_johnson19MillieJacob,0
2020-08-28,0,0,1,0,1,1,4,5,0,48,Friday,thomas_johnson19MillieJacob,0
2020-08-29,0,0,1,0,1,1,5,4,0,49,Saturday,thomas_johnson19MillieJacob,0
2020-08-30,0,0,1,0,1,1,6,3,0,50,Sunday,thomas_johnson19MillieJacob,0
2020-08-31,0,0,1,0,1,1,7,2,0,51,Monday,thomas_johnson19MillieJacob,0
2020-09-01,0,0,1,0,1,1,8,1,0,52,Tuesday,thomas_johnson19MillieJacob,0
2020-09-02,0,0,0,0,0,1,0,0,1,53,Wednesday,thomas_johnson19MillieJacob,0
2020-09-03,0,0,0,1,1,1,1,7,0,54,Thursday,thomas_johnson19MillieJacob,0
2020-09-04,0,0,0,1,1,1,2,6,0,55,Friday,thomas_johnson19MillieJacob,0
2020-09-05,0,0,0,1,1,1,3,5,0,56,Saturday,thomas_johnson19MillieJacob,0
2020-09-06,0,0,0,1,1,1,4,4,0,57,Sunday,thomas_johnson19MillieJacob,0
2020-09-07,0,0,0,1,1,1,5,3,0,58,Monday,thomas_johnson19MillieJacob,0
2020-09-08,0,0,0,1,1,1,6,2,0,59,Tuesday,thomas_johnson19MillieJacob,0
2020-09-09,0,0,0,1,1,1,7,1,0,60,Wednesday,thomas_johnson19MillieJacob,0
2020-07-09,0,0,0,0,0,0,0,0,0,1,Thursday,DeciduousTreantrytovkyll,0
2020-07-10,0,0,0,0,0,0,0,0,0,2,Friday,DeciduousTreantrytovkyll,0
2020-07-11,0,0,0,0,0,0,0,0,0,3,Saturday,DeciduousTreantrytovkyll,0
2020-07-12,0,0,0,0,0,0,0,0,0,4,Sunday,DeciduousTreantrytovkyll,0
2020-07-13,0,0,0,0,0,0,0,0,0,5,Monday,DeciduousTreantrytovkyll,0
2020-07-14,0,0,0,0,0,0,0,0,0,6,Tuesday,DeciduousTreantrytovkyll,0
2020-07-15,0,0,0,0,0,0,0,0,0,7,Wednesday,DeciduousTreantrytovkyll,0
2020-07-16,0,0,0,0,0,0,0,0,0,8,Thursday,DeciduousTreantrytovkyll,0
2020-07-17,0,0,0,0,0,0,0,0,0,9,Friday,DeciduousTreantrytovkyll,3
2020-07-18,0,0,0,0,0,0,0,0,0,10,Saturday,DeciduousTreantrytovkyll,0
2020-07-19,0,0,0,0,0,0,0,0,0,11,Sunday,DeciduousTreantrytovkyll,0
2020-07-20,0,0,0,0,0,0,0,0,0,12,Monday,DeciduousTreantrytovkyll,0
2020-07-21,0,0,0,0,0,0,0,0,0,13,Tuesday,DeciduousTreantrytovkyll,0
2020-07-22,0,0,0,0,0,0,0,0,0,14,Wednesday,DeciduousTreantrytovkyll,0
2020-07-23,0,0,0,0,0,0,0,0,0,15,Thursday,DeciduousTreantrytovkyll,2
2020-07-24,1,0,0,0,1,1,1,8,0,16,Friday,DeciduousTreantrytovkyll,3
2020-07-25,1,0,0,0,1,1,2,7,0,17,Saturday,DeciduousTreantrytovkyll,0
2020-07-26,1,0,0,0,1,1,3,6,0,18,Sunday,DeciduousTreantrytovkyll,0
2020-07-27,1,0,0,0,1,1,4,5,0,19,Monday,DeciduousTreantrytovkyll,0
2020-07-28,1,0,0,0,1,1,5,4,0,20,Tuesday,DeciduousTreantrytovkyll,14
2020-07-29,1,0,0,0,1,1,6,3,0,21,Wednesday,DeciduousTreantrytovkyll,25
2020-07-30,1,0,0,0,1,1,7,2,0,22,Thursday,DeciduousTreantrytovkyll,13
2020-07-31,1,0,0,0,1,1,8,1,0,23,Friday,DeciduousTreantrytovkyll,29
2020-08-01,0,0,0,0,0,1,0,0,1,24,Saturday,DeciduousTreantrytovkyll,0
2020-08-02,0,0,0,0,0,1,0,0,2,25,Sunday,DeciduousTreantrytovkyll,0
2020-08-03,0,0,0,0,0,1,0,0,3,26,Monday,DeciduousTreantrytovkyll,3
2020-08-04,0,0,0,0,0,1,0,0,4,27,Tuesday,DeciduousTreantrytovkyll,0
2020-08-05,0,0,0,0,0,1,0,0,5,28,Wednesday,DeciduousTreantrytovkyll,0
2020-08-08,0,0,0,0,0,1,0,0,6,29,Saturday,DeciduousTreantrytovkyll,0
2020-08-10,0,0,0,0,0,1,0,0,7,30,Monday,DeciduousTreantrytovkyll,0
2020-08-11,0,0,0,0,0,1,0,0,8,31,Tuesday,DeciduousTreantrytovkyll,0
2020-08-12,0,0,0,0,0,1,0,0,9,32,Wednesday,DeciduousTreantrytovkyll,0
2020-08-13,0,0,0,0,0,1,0,0,10,33,Thursday,DeciduousTreantrytovkyll,0
2020-08-14,0,1,0,0,1,1,1,8,0,34,Friday,DeciduousTreantrytovkyll,0
2020-08-15,0,1,0,0,1,1,2,7,0,35,Saturday,DeciduousTreantrytovkyll,0
2020-08-16,0,1,0,0,1,1,3,6,0,36,Sunday,DeciduousTreantrytovkyll,0
2020-08-17,0,1,0,0,1,1,4,5,0,37,Monday,DeciduousTreantrytovkyll,0
2020-08-18,0,1,0,0,1,1,5,4,0,38,Tuesday,DeciduousTreantrytovkyll,0
2020-08-19,0,1,0,0,1,1,6,3,0,39,Wednesday,DeciduousTreantrytovkyll,0
2020-08-20,0,1,0,0,1,1,7,2,0,40,Thursday,DeciduousTreantrytovkyll,0
2020-08-21,0,1,0,0,1,1,8,1,0,41,Friday,DeciduousTreantrytovkyll,0
2020-08-22,0,0,0,0,0,1,0,0,1,42,Saturday,DeciduousTreantrytovkyll,0
2020-08-23,0,0,0,0,0,1,0,0,2,43,Sunday,DeciduousTreantrytovkyll,0
2020-08-24,0,0,0,0,0,1,0,0,3,44,Monday,DeciduousTreantrytovkyll,0
2020-08-25,0,0,1,0,1,1,1,8,0,45,Tuesday,DeciduousTreantrytovkyll,0
2020-08-26,0,0,1,0,1,1,2,7,0,46,Wednesday,DeciduousTreantrytovkyll,0
2020-08-27,0,0,1,0,1,1,3,6,0,47,Thursday,DeciduousTreantrytovkyll,0
2020-08-28,0,0,1,0,1,1,4,5,0,48,Friday,DeciduousTreantrytovkyll,0
2020-08-29,0,0,1,0,1,1,5,4,0,49,Saturday,DeciduousTreantrytovkyll,0
2020-08-30,0,0,1,0,1,1,6,3,0,50,Sunday,DeciduousTreantrytovkyll,0
2020-08-31,0,0,1,0,1,1,7,2,0,51,Monday,DeciduousTreantrytovkyll,0
2020-09-01,0,0,1,0,1,1,8,1,0,52,Tuesday,DeciduousTreantrytovkyll,0
2020-09-02,0,0,0,0,0,1,0,0,1,53,Wednesday,DeciduousTreantrytovkyll,0
2020-09-03,0,0,0,1,1,1,1,7,0,54,Thursday,DeciduousTreantrytovkyll,2
2020-09-04,0,0,0,1,1,1,2,6,0,55,Friday,DeciduousTreantrytovkyll,10
2020-09-05,0,0,0,1,1,1,3,5,0,56,Saturday,DeciduousTreantrytovkyll,6
2020-09-06,0,0,0,1,1,1,4,4,0,57,Sunday,DeciduousTreantrytovkyll,13
2020-09-07,0,0,0,1,1,1,5,3,0,58,Monday,DeciduousTreantrytovkyll,5
2020-09-08,0,0,0,1,1,1,6,2,0,59,Tuesday,DeciduousTreantrytovkyll,27
2020-09-09,0,0,0,1,1,1,7,1,0,60,Wednesday,DeciduousTreantrytovkyll,5
2020-07-09,0,0,0,0,0,0,0,0,0,1,Thursday,solaphirbicycleflossing,0
2020-07-10,0,0,0,0,0,0,0,0,0,2,Friday,solaphirbicycleflossing,0
2020-07-11,0,0,0,0,0,0,0,0,0,3,Saturday,solaphirbicycleflossing,0
2020-07-12,0,0,0,0,0,0,0,0,0,4,Sunday,solaphirbicycleflossing,0
2020-07-13,0,0,0,0,0,0,0,0,0,5,Monday,solaphirbicycleflossing,0
2020-07-14,0,0,0,0,0,0,0,0,0,6,Tuesday,solaphirbicycleflossing,0
2020-07-15,0,0,0,0,0,0,0,0,0,7,Wednesday,solaphirbicycleflossing,0
2020-07-16,0,0,0,0,0,0,0,0,0,8,Thursday,solaphirbicycleflossing,0
2020-07-17,0,0,0,0,0,0,0,0,0,9,Friday,solaphirbicycleflossing,0
2020-07-18,0,0,0,0,0,0,0,0,0,10,Saturday,solaphirbicycleflossing,0
2020-07-19,0,0,0,0,0,0,0,0,0,11,Sunday,solaphirbicycleflossing,0
2020-07-20,0,0,0,0,0,0,0,0,0,12,Monday,solaphirbicycleflossing,0
2020-07-21,0,0,0,0,0,0,0,0,0,13,Tuesday,solaphirbicycleflossing,0
2020-07-22,0,0,0,0,0,0,0,0,0,14,Wednesday,solaphirbicycleflossing,0
2020-07-23,0,0,0,0,0,0,0,0,0,15,Thursday,solaphirbicycleflossing,0
2020-07-24,1,0,0,0,1,1,1,8,0,16,Friday,solaphirbicycleflossing,0
2020-07-25,1,0,0,0,1,1,2,7,0,17,Saturday,solaphirbicycleflossing,0
2020-07-26,1,0,0,0,1,1,3,6,0,18,Sunday,solaphirbicycleflossing,2
2020-07-27,1,0,0,0,1,1,4,5,0,19,Monday,solaphirbicycleflossing,0
2020-07-28,1,0,0,0,1,1,5,4,0,20,Tuesday,solaphirbicycleflossing,2
2020-07-29,1,0,0,0,1,1,6,3,0,21,Wednesday,solaphirbicycleflossing,0
2020-07-30,1,0,0,0,1,1,7,2,0,22,Thursday,solaphirbicycleflossing,0
2020-07-31,1,0,0,0,1,1,8,1,0,23,Friday,solaphirbicycleflossing,0
2020-08-01,0,0,0,0,0,1,0,0,1,24,Saturday,solaphirbicycleflossing,0
2020-08-02,0,0,0,0,0,1,0,0,2,25,Sunday,solaphirbicycleflossing,0
2020-08-03,0,0,0,0,0,1,0,0,3,26,Monday,solaphirbicycleflossing,0
2020-08-04,0,0,0,0,0,1,0,0,4,27,Tuesday,solaphirbicycleflossing,0
2020-08-05,0,0,0,0,0,1,0,0,5,28,Wednesday,solaphirbicycleflossing,0
2020-08-08,0,0,0,0,0,1,0,0,6,29,Saturday,solaphirbicycleflossing,0
2020-08-10,0,0,0,0,0,1,0,0,7,30,Monday,solaphirbicycleflossing,0
2020-08-11,0,0,0,0,0,1,0,0,8,31,Tuesday,solaphirbicycleflossing,0
2020-08-12,0,0,0,0,0,1,0,0,9,32,Wednesday,solaphirbicycleflossing,0
2020-08-13,0,0,0,0,0,1,0,0,10,33,Thursday,solaphirbicycleflossing,1
2020-08-14,0,1,0,0,1,1,1,8,0,34,Friday,solaphirbicycleflossing,0
2020-08-15,0,1,0,0,1,1,2,7,0,35,Saturday,solaphirbicycleflossing,0
2020-08-16,0,1,0,0,1,1,3,6,0,36,Sunday,solaphirbicycleflossing,0
2020-08-17,0,1,0,0,1,1,4,5,0,37,Monday,solaphirbicycleflossing,0
2020-08-18,0,1,0,0,1,1,5,4,0,38,Tuesday,solaphirbicycleflossing,0
2020-08-19,0,1,0,0,1,1,6,3,0,39,Wednesday,solaphirbicycleflossing,0
2020-08-20,0,1,0,0,1,1,7,2,0,40,Thursday,solaphirbicycleflossing,0
2020-08-21,0,1,0,0,1,1,8,1,0,41,Friday,solaphirbicycleflossing,0
2020-08-22,0,0,0,0,0,1,0,0,1,42,Saturday,solaphirbicycleflossing,0
2020-08-23,0,0,0,0,0,1,0,0,2,43,Sunday,solaphirbicycleflossing,0
2020-08-24,0,0,0,0,0,1,0,0,3,44,Monday,solaphirbicycleflossing,0
2020-08-25,0,0,1,0,1,1,1,8,0,45,Tuesday,solaphirbicycleflossing,0
2020-08-26,0,0,1,0,1,1,2,7,0,46,Wednesday,solaphirbicycleflossing,0
2020-08-27,0,0,1,0,1,1,3,6,0,47,Thursday,solaphirbicycleflossing,0
2020-08-28,0,0,1,0,1,1,4,5,0,48,Friday,solaphirbicycleflossing,0
2020-08-29,0,0,1,0,1,1,5,4,0,49,Saturday,solaphirbicycleflossing,0
2020-08-30,0,0,1,0,1,1,6,3,0,50,Sunday,solaphirbicycleflossing,0
2020-08-31,0,0,1,0,1,1,7,2,0,51,Monday,solaphirbicycleflossing,0
2020-09-01,0,0,1,0,1,1,8,1,0,52,Tuesday,solaphirbicycleflossing,0
2020-09-02,0,0,0,0,0,1,0,0,1,53,Wednesday,solaphirbicycleflossing,0
2020-09-03,0,0,0,1,1,1,1,7,0,54,Thursday,solaphirbicycleflossing,0
2020-09-04,0,0,0,1,1,1,2,6,0,55,Friday,solaphirbicycleflossing,0
2020-09-05,0,0,0,1,1,1,3,5,0,56,Saturday,solaphirbicycleflossing,0
2020-09-06,0,0,0,1,1,1,4,4,0,57,Sunday,solaphirbicycleflossing,0
2020-09-07,0,0,0,1,1,1,5,3,0,58,Monday,solaphirbicycleflossing,0
2020-09-08,0,0,0,1,1,1,6,2,0,59,Tuesday,solaphirbicycleflossing,0
2020-09-09,0,0,0,1,1,1,7,1,0,60,Wednesday,solaphirbicycleflossing,0
2020-07-09,0,0,0,0,0,0,0,0,0,1,Thursday,OatsFanatic.thomas_johnson19.OatsFanatic,0
2020-07-10,0,0,0,0,0,0,0,0,0,2,Friday,OatsFanatic.thomas_johnson19.OatsFanatic,0
2020-07-11,0,0,0,0,0,0,0,0,0,3,Saturday,OatsFanatic.thomas_johnson19.OatsFanatic,0
2020-07-12,0,0,0,0,0,0,0,0,0,4,Sunday,OatsFanatic.thomas_johnson19.OatsFanatic,0
2020-07-13,0,0,0,0,0,0,0,0,0,5,Monday,OatsFanatic.thomas_johnson19.OatsFanatic,0
2020-07-14,0,0,0,0,0,0,0,0,0,6,Tuesday,OatsFanatic.thomas_johnson19.OatsFanatic,0
2020-07-15,0,0,0,0,0,0,0,0,0,7,Wednesday,OatsFanatic.thomas_johnson19.OatsFanatic,0
2020-07-16,0,0,0,0,0,0,0,0,0,8,Thursday,OatsFanatic.thomas_johnson19.OatsFanatic,0
2020-07-17,0,0,0,0,0,0,0,0,0,9,Friday,OatsFanatic.thomas_johnson19.OatsFanatic,0
2020-07-18,0,0,0,0,0,0,0,0,0,10,Saturday,OatsFanatic.thomas_johnson19.OatsFanatic,0
2020-07-19,0,0,0,0,0,0,0,0,0,11,Sunday,OatsFanatic.thomas_johnson19.OatsFanatic,0
2020-07-20,0,0,0,0,0,0,0,0,0,12,Monday,OatsFanatic.thomas_johnson19.OatsFanatic,0
2020-07-21,0,0,0,0,0,0,0,0,0,13,Tuesday,OatsFanatic.thomas_johnson19.OatsFanatic,0
2020-07-22,0,0,0,0,0,0,0,0,0,14,Wednesday,OatsFanatic.thomas_johnson19.OatsFanatic,0
2020-07-23,0,0,0,0,0,0,0,0,0,15,Thursday,OatsFanatic.thomas_johnson19.OatsFanatic,0
2020-07-24,1,0,0,0,1,1,1,8,0,16,Friday,OatsFanatic.thomas_johnson19.OatsFanatic,0
2020-07-25,1,0,0,0,1,1,2,7,0,17,Saturday,OatsFanatic.thomas_johnson19.OatsFanatic,0
2020-07-26,1,0,0,0,1,1,3,6,0,18,Sunday,OatsFanatic.thomas_johnson19.OatsFanatic,0
2020-07-27,1,0,0,0,1,1,4,5,0,19,Monday,OatsFanatic.thomas_johnson19.OatsFanatic,0
2020-07-28,1,0,0,0,1,1,5,4,0,20,Tuesday,OatsFanatic.thomas_johnson19.OatsFanatic,0
2020-07-29,1,0,0,0,1,1,6,3,0,21,Wednesday,OatsFanatic.thomas_johnson19.OatsFanatic,0
2020-07-30,1,0,0,0,1,1,7,2,0,22,Thursday,OatsFanatic.thomas_johnson19.OatsFanatic,4
2020-07-31,1,0,0,0,1,1,8,1,0,23,Friday,OatsFanatic.thomas_johnson19.OatsFanatic,7
2020-08-01,0,0,0,0,0,1,0,0,1,24,Saturday,OatsFanatic.thomas_johnson19.OatsFanatic,2
2020-08-02,0,0,0,0,0,1,0,0,2,25,Sunday,OatsFanatic.thomas_johnson19.OatsFanatic,0
2020-08-03,0,0,0,0,0,1,0,0,3,26,Monday,OatsFanatic.thomas_johnson19.OatsFanatic,0
2020-08-04,0,0,0,0,0,1,0,0,4,27,Tuesday,OatsFanatic.thomas_johnson19.OatsFanatic,2
2020-08-05,0,0,0,0,0,1,0,0,5,28,Wednesday,OatsFanatic.thomas_johnson19.OatsFanatic,0
2020-08-08,0,0,0,0,0,1,0,0,6,29,Saturday,OatsFanatic.thomas_johnson19.OatsFanatic,5
2020-08-10,0,0,0,0,0,1,0,0,7,30,Monday,OatsFanatic.thomas_johnson19.OatsFanatic,5
2020-08-11,0,0,0,0,0,1,0,0,8,31,Tuesday,OatsFanatic.thomas_johnson19.OatsFanatic,5
2020-08-12,0,0,0,0,0,1,0,0,9,32,Wednesday,OatsFanatic.thomas_johnson19.OatsFanatic,3
2020-08-13,0,0,0,0,0,1,0,0,10,33,Thursday,OatsFanatic.thomas_johnson19.OatsFanatic,2
2020-08-14,0,1,0,0,1,1,1,8,0,34,Friday,OatsFanatic.thomas_johnson19.OatsFanatic,1
2020-08-15,0,1,0,0,1,1,2,7,0,35,Saturday,OatsFanatic.thomas_johnson19.OatsFanatic,0
2020-08-16,0,1,0,0,1,1,3,6,0,36,Sunday,OatsFanatic.thomas_johnson19.OatsFanatic,0
2020-08-17,0,1,0,0,1,1,4,5,0,37,Monday,OatsFanatic.thomas_johnson19.OatsFanatic,0
2020-08-18,0,1,0,0,1,1,5,4,0,38,Tuesday,OatsFanatic.thomas_johnson19.OatsFanatic,4
2020-08-19,0,1,0,0,1,1,6,3,0,39,Wednesday,OatsFanatic.thomas_johnson19.OatsFanatic,0
2020-08-20,0,1,0,0,1,1,7,2,0,40,Thursday,OatsFanatic.thomas_johnson19.OatsFanatic,0
2020-08-21,0,1,0,0,1,1,8,1,0,41,Friday,OatsFanatic.thomas_johnson19.OatsFanatic,0
2020-08-22,0,0,0,0,0,1,0,0,1,42,Saturday,OatsFanatic.thomas_johnson19.OatsFanatic,0
2020-08-23,0,0,0,0,0,1,0,0,2,43,Sunday,OatsFanatic.thomas_johnson19.OatsFanatic,0
2020-08-24,0,0,0,0,0,1,0,0,3,44,Monday,OatsFanatic.thomas_johnson19.OatsFanatic,0
2020-08-25,0,0,1,0,1,1,1,8,0,45,Tuesday,OatsFanatic.thomas_johnson19.OatsFanatic,0
2020-08-26,0,0,1,0,1,1,2,7,0,46,Wednesday,OatsFanatic.thomas_johnson19.OatsFanatic,3
2020-08-27,0,0,1,0,1,1,3,6,0,47,Thursday,OatsFanatic.thomas_johnson19.OatsFanatic,0
2020-08-28,0,0,1,0,1,1,4,5,0,48,Friday,OatsFanatic.thomas_johnson19.OatsFanatic,0
2020-08-29,0,0,1,0,1,1,5,4,0,49,Saturday,OatsFanatic.thomas_johnson19.OatsFanatic,1
2020-08-30,0,0,1,0,1,1,6,3,0,50,Sunday,OatsFanatic.thomas_johnson19.OatsFanatic,1
2020-08-31,0,0,1,0,1,1,7,2,0,51,Monday,OatsFanatic.thomas_johnson19.OatsFanatic,0
2020-09-01,0,0,1,0,1,1,8,1,0,52,Tuesday,OatsFanatic.thomas_johnson19.OatsFanatic,3
2020-09-02,0,0,0,0,0,1,0,0,1,53,Wednesday,OatsFanatic.thomas_johnson19.OatsFanatic,2
2020-09-03,0,0,0,1,1,1,1,7,0,54,Thursday,OatsFanatic.thomas_johnson19.OatsFanatic,0
2020-09-04,0,0,0,1,1,1,2,6,0,55,Friday,OatsFanatic.thomas_johnson19.OatsFanatic,4
2020-09-05,0,0,0,1,1,1,3,5,0,56,Saturday,OatsFanatic.thomas_johnson19.OatsFanatic,0
2020-09-06,0,0,0,1,1,1,4,4,0,57,Sunday,OatsFanatic.thomas_johnson19.OatsFanatic,1
2020-09-07,0,0,0,1,1,1,5,3,0,58,Monday,OatsFanatic.thomas_johnson19.OatsFanatic,3
2020-09-08,0,0,0,1,1,1,6,2,0,59,Tuesday,OatsFanatic.thomas_johnson19.OatsFanatic,2
2020-09-09,0,0,0,1,1,1,7,1,0,60,Wednesday,OatsFanatic.thomas_johnson19.OatsFanatic,2
2020-07-09,0,0,0,0,0,0,0,0,0,1,Thursday,shakadeeTylerdrew19,0
2020-07-10,0,0,0,0,0,0,0,0,0,2,Friday,shakadeeTylerdrew19,1
2020-07-11,0,0,0,0,0,0,0,0,0,3,Saturday,shakadeeTylerdrew19,1
2020-07-12,0,0,0,0,0,0,0,0,0,4,Sunday,shakadeeTylerdrew19,0
2020-07-13,0,0,0,0,0,0,0,0,0,5,Monday,shakadeeTylerdrew19,0
2020-07-14,0,0,0,0,0,0,0,0,0,6,Tuesday,shakadeeTylerdrew19,1
2020-07-15,0,0,0,0,0,0,0,0,0,7,Wednesday,shakadeeTylerdrew19,0
2020-07-16,0,0,0,0,0,0,0,0,0,8,Thursday,shakadeeTylerdrew19,1
2020-07-17,0,0,0,0,0,0,0,0,0,9,Friday,shakadeeTylerdrew19,0
2020-07-18,0,0,0,0,0,0,0,0,0,10,Saturday,shakadeeTylerdrew19,0
2020-07-19,0,0,0,0,0,0,0,0,0,11,Sunday,shakadeeTylerdrew19,1
2020-07-20,0,0,0,0,0,0,0,0,0,12,Monday,shakadeeTylerdrew19,0
2020-07-21,0,0,0,0,0,0,0,0,0,13,Tuesday,shakadeeTylerdrew19,3
2020-07-22,0,0,0,0,0,0,0,0,0,14,Wednesday,shakadeeTylerdrew19,0
2020-07-23,0,0,0,0,0,0,0,0,0,15,Thursday,shakadeeTylerdrew19,4
2020-07-24,1,0,0,0,1,1,1,8,0,16,Friday,shakadeeTylerdrew19,4
2020-07-25,1,0,0,0,1,1,2,7,0,17,Saturday,shakadeeTylerdrew19,7
2020-07-26,1,0,0,0,1,1,3,6,0,18,Sunday,shakadeeTylerdrew19,0
2020-07-27,1,0,0,0,1,1,4,5,0,19,Monday,shakadeeTylerdrew19,0
2020-07-28,1,0,0,0,1,1,5,4,0,20,Tuesday,shakadeeTylerdrew19,0
2020-07-29,1,0,0,0,1,1,6,3,0,21,Wednesday,shakadeeTylerdrew19,0
2020-07-30,1,0,0,0,1,1,7,2,0,22,Thursday,shakadeeTylerdrew19,0
2020-07-31,1,0,0,0,1,1,8,1,0,23,Friday,shakadeeTylerdrew19,0
2020-08-01,0,0,0,0,0,1,0,0,1,24,Saturday,shakadeeTylerdrew19,0
2020-08-02,0,0,0,0,0,1,0,0,2,25,Sunday,shakadeeTylerdrew19,0
2020-08-03,0,0,0,0,0,1,0,0,3,26,Monday,shakadeeTylerdrew19,0
2020-08-04,0,0,0,0,0,1,0,0,4,27,Tuesday,shakadeeTylerdrew19,0
2020-08-05,0,0,0,0,0,1,0,0,5,28,Wednesday,shakadeeTylerdrew19,0
2020-08-08,0,0,0,0,0,1,0,0,6,29,Saturday,shakadeeTylerdrew19,0
2020-08-10,0,0,0,0,0,1,0,0,7,30,Monday,shakadeeTylerdrew19,4
2020-08-11,0,0,0,0,0,1,0,0,8,31,Tuesday,shakadeeTylerdrew19,2
2020-08-12,0,0,0,0,0,1,0,0,9,32,Wednesday,shakadeeTylerdrew19,6
2020-08-13,0,0,0,0,0,1,0,0,10,33,Thursday,shakadeeTylerdrew19,24
2020-08-14,0,1,0,0,1,1,1,8,0,34,Friday,shakadeeTylerdrew19,19
2020-08-15,0,1,0,0,1,1,2,7,0,35,Saturday,shakadeeTylerdrew19,7
2020-08-16,0,1,0,0,1,1,3,6,0,36,Sunday,shakadeeTylerdrew19,2
2020-08-17,0,1,0,0,1,1,4,5,0,37,Monday,shakadeeTylerdrew19,0
2020-08-18,0,1,0,0,1,1,5,4,0,38,Tuesday,shakadeeTylerdrew19,3
2020-08-19,0,1,0,0,1,1,6,3,0,39,Wednesday,shakadeeTylerdrew19,0
2020-08-20,0,1,0,0,1,1,7,2,0,40,Thursday,shakadeeTylerdrew19,7
2020-08-21,0,1,0,0,1,1,8,1,0,41,Friday,shakadeeTylerdrew19,12
2020-08-22,0,0,0,0,0,1,0,0,1,42,Saturday,shakadeeTylerdrew19,0
2020-08-23,0,0,0,0,0,1,0,0,2,43,Sunday,shakadeeTylerdrew19,0
2020-08-24,0,0,0,0,0,1,0,0,3,44,Monday,shakadeeTylerdrew19,12
2020-08-25,0,0,1,0,1,1,1,8,0,45,Tuesday,shakadeeTylerdrew19,0
2020-08-26,0,0,1,0,1,1,2,7,0,46,Wednesday,shakadeeTylerdrew19,12
2020-08-27,0,0,1,0,1,1,3,6,0,47,Thursday,shakadeeTylerdrew19,5
2020-08-28,0,0,1,0,1,1,4,5,0,48,Friday,shakadeeTylerdrew19,5
2020-08-29,0,0,1,0,1,1,5,4,0,49,Saturday,shakadeeTylerdrew19,0
2020-08-30,0,0,1,0,1,1,6,3,0,50,Sunday,shakadeeTylerdrew19,0
2020-08-31,0,0,1,0,1,1,7,2,0,51,Monday,shakadeeTylerdrew19,0
2020-09-01,0,0,1,0,1,1,8,1,0,52,Tuesday,shakadeeTylerdrew19,8
2020-09-02,0,0,0,0,0,1,0,0,1,53,Wednesday,shakadeeTylerdrew19,0
2020-09-03,0,0,0,1,1,1,1,7,0,54,Thursday,shakadeeTylerdrew19,0
2020-09-04,0,0,0,1,1,1,2,6,0,55,Friday,shakadeeTylerdrew19,0
2020-09-05,0,0,0,1,1,1,3,5,0,56,Saturday,shakadeeTylerdrew19,0
2020-09-06,0,0,0,1,1,1,4,4,0,57,Sunday,shakadeeTylerdrew19,0
2020-09-07,0,0,0,1,1,1,5,3,0,58,Monday,shakadeeTylerdrew19,0
2020-09-08,0,0,0,1,1,1,6,2,0,59,Tuesday,shakadeeTylerdrew19,0
2020-09-09,0,0,0,1,1,1,7,1,0,60,Wednesday,shakadeeTylerdrew19,0
2020-07-09,0,0,0,0,0,0,0,0,0,1,Thursday,john_thompson56malutka79,4
2020-07-10,0,0,0,0,0,0,0,0,0,2,Friday,john_thompson56malutka79,4
2020-07-11,0,0,0,0,0,0,0,0,0,3,Saturday,john_thompson56malutka79,3
2020-07-12,0,0,0,0,0,0,0,0,0,4,Sunday,john_thompson56malutka79,0
2020-07-13,0,0,0,0,0,0,0,0,0,5,Monday,john_thompson56malutka79,1
2020-07-14,0,0,0,0,0,0,0,0,0,6,Tuesday,john_thompson56malutka79,5
2020-07-15,0,0,0,0,0,0,0,0,0,7,Wednesday,john_thompson56malutka79,8
2020-07-16,0,0,0,0,0,0,0,0,0,8,Thursday,john_thompson56malutka79,2
2020-07-17,0,0,0,0,0,0,0,0,0,9,Friday,john_thompson56malutka79,10
2020-07-18,0,0,0,0,0,0,0,0,0,10,Saturday,john_thompson56malutka79,10
2020-07-19,0,0,0,0,0,0,0,0,0,11,Sunday,john_thompson56malutka79,0
2020-07-20,0,0,0,0,0,0,0,0,0,12,Monday,john_thompson56malutka79,5
2020-07-21,0,0,0,0,0,0,0,0,0,13,Tuesday,john_thompson56malutka79,5
2020-07-22,0,0,0,0,0,0,0,0,0,14,Wednesday,john_thompson56malutka79,8
2020-07-23,0,0,0,0,0,0,0,0,0,15,Thursday,john_thompson56malutka79,2
2020-07-24,1,0,0,0,1,1,1,8,0,16,Friday,john_thompson56malutka79,12
2020-07-25,1,0,0,0,1,1,2,7,0,17,Saturday,john_thompson56malutka79,8
2020-07-26,1,0,0,0,1,1,3,6,0,18,Sunday,john_thompson56malutka79,7
2020-07-27,1,0,0,0,1,1,4,5,0,19,Monday,john_thompson56malutka79,2
2020-07-28,1,0,0,0,1,1,5,4,0,20,Tuesday,john_thompson56malutka79,6
2020-07-29,1,0,0,0,1,1,6,3,0,21,Wednesday,john_thompson56malutka79,3
2020-07-30,1,0,0,0,1,1,7,2,0,22,Thursday,john_thompson56malutka79,1
2020-07-31,1,0,0,0,1,1,8,1,0,23,Friday,john_thompson56malutka79,1
2020-08-01,0,0,0,0,0,1,0,0,1,24,Saturday,john_thompson56malutka79,3
2020-08-02,0,0,0,0,0,1,0,0,2,25,Sunday,john_thompson56malutka79,2
2020-08-03,0,0,0,0,0,1,0,0,3,26,Monday,john_thompson56malutka79,1
2020-08-04,0,0,0,0,0,1,0,0,4,27,Tuesday,john_thompson56malutka79,0
2020-08-05,0,0,0,0,0,1,0,0,5,28,Wednesday,john_thompson56malutka79,1
2020-08-08,0,0,0,0,0,1,0,0,6,29,Saturday,john_thompson56malutka79,0
2020-08-10,0,0,0,0,0,1,0,0,7,30,Monday,john_thompson56malutka79,0
2020-08-11,0,0,0,0,0,1,0,0,8,31,Tuesday,john_thompson56malutka79,0
2020-08-12,0,0,0,0,0,1,0,0,9,32,Wednesday,john_thompson56malutka79,0
2020-08-13,0,0,0,0,0,1,0,0,10,33,Thursday,john_thompson56malutka79,0
2020-08-14,0,1,0,0,1,1,1,8,0,34,Friday,john_thompson56malutka79,0
2020-08-15,0,1,0,0,1,1,2,7,0,35,Saturday,john_thompson56malutka79,4
2020-08-16,0,1,0,0,1,1,3,6,0,36,Sunday,john_thompson56malutka79,22
2020-08-17,0,1,0,0,1,1,4,5,0,37,Monday,john_thompson56malutka79,9
2020-08-18,0,1,0,0,1,1,5,4,0,38,Tuesday,john_thompson56malutka79,25
2020-08-19,0,1,0,0,1,1,6,3,0,39,Wednesday,john_thompson56malutka79,12
2020-08-20,0,1,0,0,1,1,7,2,0,40,Thursday,john_thompson56malutka79,4
2020-08-21,0,1,0,0,1,1,8,1,0,41,Friday,john_thompson56malutka79,4
2020-08-22,0,0,0,0,0,1,0,0,1,42,Saturday,john_thompson56malutka79,2
2020-08-23,0,0,0,0,0,1,0,0,2,43,Sunday,john_thompson56malutka79,1
2020-08-24,0,0,0,0,0,1,0,0,3,44,Monday,john_thompson56malutka79,2
2020-08-25,0,0,1,0,1,1,1,8,0,45,Tuesday,john_thompson56malutka79,9
2020-08-26,0,0,1,0,1,1,2,7,0,46,Wednesday,john_thompson56malutka79,17
2020-08-27,0,0,1,0,1,1,3,6,0,47,Thursday,john_thompson56malutka79,16
2020-08-28,0,0,1,0,1,1,4,5,0,48,Friday,john_thompson56malutka79,8
2020-08-29,0,0,1,0,1,1,5,4,0,49,Saturday,john_thompson56malutka79,0
2020-08-30,0,0,1,0,1,1,6,3,0,50,Sunday,john_thompson56malutka79,19
2020-08-31,0,0,1,0,1,1,7,2,0,51,Monday,john_thompson56malutka79,20
2020-09-01,0,0,1,0,1,1,8,1,0,52,Tuesday,john_thompson56malutka79,2
2020-09-02,0,0,0,0,0,1,0,0,1,53,Wednesday,john_thompson56malutka79,0
2020-09-03,0,0,0,1,1,1,1,7,0,54,Thursday,john_thompson56malutka79,11
2020-09-04,0,0,0,1,1,1,2,6,0,55,Friday,john_thompson56malutka79,15
2020-09-05,0,0,0,1,1,1,3,5,0,56,Saturday,john_thompson56malutka79,34
2020-09-06,0,0,0,1,1,1,4,4,0,57,Sunday,john_thompson56malutka79,19
2020-09-07,0,0,0,1,1,1,5,3,0,58,Monday,john_thompson56malutka79,12
2020-09-08,0,0,0,1,1,1,6,2,0,59,Tuesday,john_thompson56malutka79,24
2020-09-09,0,0,0,1,1,1,7,1,0,60,Wednesday,john_thompson56malutka79,32
